Code Compteur;Le Compteur;Energie;Compteur Parent;Le Compteur Parent;Compteur_Level;PC_Production;PC_Distribution;PC_Consommation;Point de Production;Point de Distribution;Point de Consommation;Description;type;parent energie;Ratio;Unite;Master;COMs (Gate:PortTCP:Sortie:Channel:Device);Parse Formule;User Formule;Date Modify;Date Load;Nbr Error;Detailles Nom;Nom Ratio;Access_Group
CC0;VMZ Electrique;Electrique;*;*;0;*;*;*;*;*;*;*;Company;*;*;VMZ;*;*;*~;*~;;;0;VMZ Electrique;*;*
CCF;Ecart P/C Elec;Electrique;CC0;VMZ Electrique;1;*;*;*;*;*;*;CCD-CCE;Site;*;*;VMZ;*;*;CCD~-~CCE~;VMZ Prod Elec~-~VMZ Conso Elec~;;;0;Ecart Production/Consommation Electrique;*;*
CCG;Ecart P/D Elec;Electrique;CC0;VMZ Electrique;1;*;*;*;*;*;*;CCD-CCI;Site;*;*;VMZ;*;*;CCD~-~CCI~;VMZ Prod Elec~-~VMZ Dist Elec~;;;0;Ecart Production/Distribution Electrique;*;*
CCH;Ecart D/C Elec;Electrique;CC0;VMZ Electrique;1;*;*;*;*;*;*;CCI-CCE;Site;*;*;VMZ;*;*;CCI~-~CCE~;VMZ Dist Elec~-~VMZ Conso Elec~;;;0;Ecart Distribution/Consommation Electrique;*;16
CCI;VMZ Dist Elec;Electrique;CC0;VMZ Electrique;1;*;V100;*;*;VMZ;*;Reel;Site;*;*;VMZ;!~*;!~*;;;;;2;VMZ Distribution Electrique;*;*
CCE;VMZ Conso Elec;Electrique;CC0;VMZ Electrique;1;*;*;V100;*;*;VMZ;F(CCE);Site;*;CPT0;VMZ;*;*;F~(~CCE~)~;F~(~VMZ Conso Elec~)~;;;0;VMZ Consomation Electrique;VMZ Tonnage;*
CC1;ElMazeraa Elec;Electrique;CCE;VMZ Conso Elec;1;*;MELEC;M200;*;Post Transfo;ElMazeraa;F(CC1);Site;*;CPT1;ElMazeraa;*;*;F~(~CC1~)~;F~(~ElMazeraa Elec~)~;;;0;ElMazeraa Electrique;ElMazraa T;*
CCD;VMZ Prod Elec;Electrique;CC0;VMZ Electrique;1;V100;MELEC;*;VMZ;Post Transfo;*;F(CCD);Site;*;*;VMZ;*;*;F~(~CCD~)~;F~(~VMZ Prod Elec~)~;;;0;VMZ Production Electrique;*;*
CCD1;Cogen Elec;Electrique;CCD;VMZ Prod Elec;2;N200;*;*;Cogeneration;*;*;Reel;Type de Site;*;*;Cogeneration;!~CG WM14-DIN AV5 3 D S:R;!~R1:501:1:1:2;;;;;1;Cogeneration Electrique;*;*
CCD2;STEG Elec;Electrique;CCD;VMZ Prod Elec;2;S200;*;*;STEG;*;*;Reel;Type de Site;*;*;STEG;!~CG WM14-DIN AV5 3 D S:R;!~R1:501:1:1:7;;;;;1;STEG Electrique;*;*
CCA;Production;Electrique;CC1;ElMazeraa Elec;2;*;MELEC;Z100;*;Post Transfo;Production;F(CCA);Type de Site;*;*;*;*;*;F~(~CCA~)~;F~(~Production~)~;;;0;Production;*;*
CC11;Abattoir Elec;Electrique;CCA;Production;3;*;MELEC;M210;*;Post Transfo;Abattoir;CC112+CC114+CC117+CC118;Usine;*;CPT11;Abattoir;*;*;CC112~+~CC114~+~CC117~+~CC118~;Plumage Elec~+~Ressuage Elec~+~Abattage Elec~+~DECOUPE Elec~;;;0;Abattoir Electrique;Abattoir T;255
CC112;Plumage Elec;Electrique;CC11;Abattoir Elec;4;S200;MELEC;M219;STEG;Post Transfo;Plumage;CC1I25;Process;*;*;Abattoir;*;*;CC1I25~;Plumeuse~;;;0;Plumage Electrique;*;*
CC114;Ressuage Elec;Electrique;CC11;Abattoir Elec;4;S200;MELEC;M215;STEG;Post Transfo;Ressuage;CC11D+CC1C6+CC1O4;Process;*;*;Abattoir;*;*;CC11D~+~CC1C6~+~CC1O4~;ventilo res 1+2~+~ventilo ress3 ~+~Chaine Ressuage~;;;0;Ressuage Electrique;*;*
CC117;Abattage Elec;Electrique;CC11;Abattoir Elec;4;S200;MELEC;M213;STEG;Post Transfo;Abattage;CC1I21;Process;*;*;Abattoir;*;*;CC1I21~;Abattage TR2~;;;0;Abattage Electrique;*;*
CC118;DECOUPE Elec;Electrique;CC11;Abattoir Elec;4;S200;MELEC;M217;STEG;Post Transfo;Decoupe;CC1I23+CC1K33;Process;*;*;Abattoir;*;*;CC1I23~+~CC1K33~;Decoupe~+~Pompe a Vide D~;;;0;DECOUPE Electrique;*;*
CC12;Charcuterie Elec;Electrique;CCA;Production;3;*;MELEC;M220;*;Post Transfo;Charcuterie;CC1I1+CC1T+CC1O1+CC1O6+CC1O7;Usine;*;CPT12;Charcuterie;*;*;CC1I1~+~CC1T~+~CC1O1~+~CC1O6~+~CC1O7~;Charcuterie TR2~+~Charcuterie TR3~+~Hachoir CB160~+~Cutteur N1~+~Cutteur N2~;;;0;Charcuterie Electrique;Charcuterie T;*
CC13;Conserve Elec;Electrique;CCA;Production;3;*;M180;M230;*;PosteTR3;Conserve;CC161;Usine;*;CPT13;Conserve;*;*;CC161~;Autoclave~;;;0;Conserve Electrique;Conserve T;*
CC14;PetFood Elec;Electrique;CCA;Production;3;*;M190;M240;*;PosteTR4;PetFood;CC1K2;Usine;*;CPT14;PetFood;*;*;CC1K2~;PetFood TR4~;;;0;PetFood Electrique;PetFood T;*
CC15;Surgele Elec;Electrique;CCA;Production;3;*;M1B0;M250;*;PosteTR6;Surgele;CC1M1;Usine;*;CPT15;Surgele;*;*;CC1M1~;Surgele TR6~;;;0;Surgele Electrique;Surgele T;*
CC16;UCPC Elec;Electrique;CCA;Production;3;S200;M180;M260;STEG;PosteTR3;UCPC;CC162;Usine;*;CPT16;UCPC;*;*;CC162~;ProcessUCPC~;;;0;UCPC Electrique;UCPC T;*
CCB;Utilitaire;Electrique;CC1;ElMazeraa Elec;2;*;*;Z200;*;*;Utilitaire;CCB1+CCB2+CCB4;Type de Site;*;*;*;*;*;CCB1~+~CCB2~+~CCB4~;Froid Elec~+~Eau Electrique~+~Chaufferie Elec~;;;0;Utilitaire;*;*
CCB1;Froid Elec;Electrique;CCB;Utilitaire;3;*;*;MA00;*;*;Froid;F(CCB1);Usine;*;*;Froid;*;*;F~(~CCB1~)~;F~(~Froid Elec~)~;;;0;Froid Electrique;*;*
CC1A;SMF ElMazeraa;Electrique;CCB1;Froid Elec;4;S200;*;M110;STEG;*;SMF-ElMazeraa;F(CC1A)+CC1Q6+CC1Q10+CC1J3;Process;*;*;Froid;*;*;F~(~CC1A~)~+~CC1Q6~+~CC1Q10~+~CC1J3~;F~(~SMF ElMazeraa~)~+~MPF ancienne  ~+~SDM2 (RES+PETF)~+~SMF ElMazraaTR3~;;;0;SalleMachine Froid ElMazeraa;*;*
CC1A1;York;Electrique;CC1A;SMF ElMazeraa;5;S200;*;M11D;STEG;*;York;CC1P12+CC1Q5;Atelier;*;*;Froid;*;*;CC1P12~+~CC1Q5~;York TR1~+~EXT MPF 18+19B~;;;0;York;*;*
CC1A2;IMEF;Electrique;CC1A;SMF ElMazeraa;5;S200;*;MA01;STEG;*;IMEF;F(CC1A2);Atelier;*;*;Froid;*;*;F~(~CC1A2~)~;F~(~IMEF~)~;;;0;IMEF;*;*
CC1AA;Extension IMEF1;Electrique;CC1A2;IMEF;6;S200;M160;M115;STEG;PosteTR1;Extension IMEF1;CC1P11;SubAtelier;*;*;Froid;*;*;CC1P11~;EXT IMEF1 TR1~;;;0;Extension IMEF1;*;*
CC1AB;Extension IMEF2;Electrique;CC1A2;IMEF;6;S200;M180;M116;STEG;PosteTR3;Extension IMEF2;CC1J1;SubAtelier;*;*;Froid;*;*;CC1J1~;EXT IMEF2 TR3~;;;0;Extension IMEF2;*;*
CC1A3;Matal;Electrique;CC1A;SMF ElMazeraa;5;S200;M180;M11C;STEG;PosteTR3;Matal;CC1J2;Atelier;*;*;Froid;*;*;CC1J2~;Matal TR3~;;;0;Matal;*;*
CC1B;SMF Surgele;Electrique;CCB1;Froid Elec;4;S200;M1B0;M120;STEG;PosteTR6;SMF Surgele;CC1M2;Process;*;*;Froid;*;*;CC1M2~;SMF Surgele TR6~;;;0;SalleMachine Froid Surgele;*;*
CCB5;SMF Ressuage3;Electrique;CCB1;Froid Elec;4;S200;M1A0;M130;STEG;PosteTR5;SMF Ressuage3;CC1C7;Process;*;*;Froid;*;*;CC1C7~;SMF Ress3 TR5~;;;0;SalleMachine Froid Ressuage3;*;*
CCB4;Chaufferie Elec;Electrique;CCB;Utilitaire;3;S200;*;MC00;STEG;*;Chaufferie;CC1F+CC1I3;Usine;*;*;Chaufferie;*;*;CC1F~+~CC1I3~;ChaufferieSurgele~+~Chaufferie TR2~;;;0;Chaufferie Electrique;*;*
CC1F;ChaufferieSurgele;Electrique;CCB4;Chaufferie Elec;4;S200;M1B0;M140;STEG;PosteTR6;ChaufferieSurgel;CC1M3;Process;*;*;Chaufferie;*;*;CC1M3~;Chauf-SurgelTR6~;;;0;Chaufferie Surgele;*;*
CCB2;Eau Electrique;Electrique;CCB;Utilitaire;3;S200;*;MB00;STEG;*;Eau;CC1P1+CC1N7+CC1N1+CC1U;Usine;*;*;Eau;*;*;CC1P1~+~CC1N7~+~CC1N1~+~CC1U~;forage~+~SP TR2x6~+~StationOsmose1~+~Eau TR4~;;;0;Eau Electrique;*;*
CCB3;Post Transfo;Electrique;CCB;Utilitaire;3;S200;M200;*;STEG;ElMazeraa;*;F(CCB3);Usine;*;*;Post Transfo;*;*;F~(~CCB3~)~;F~(~Post Transfo~)~;;;0;Post Transformateur;*;*
CC1H;PosteTR1;Electrique;CCB3;Post Transfo;4;S200;MELEC;*;STEG;Post Transfo;*;F(CC1H);Process;*;*;PosteTR1;*;*;F~(~CC1H~)~;F~(~PosteTR1~)~;;;0;PosteTR1;*;*
CC1H1;General 1/1;Electrique;CC1H;PosteTR1;5;S200;M160;*;STEG;PosteTR1;*;Reel;Atelier;*;*;PosteTR1;!~CG WM14-DIN AV5 3 D S:R;!~R3:502:2:1:11;;;;;1;General 1/1;*;*
CC1H2;General 1/2;Electrique;CC1H;PosteTR1;5;S200;M160;*;STEG;PosteTR1;*;Reel;Atelier;*;*;PosteTR1;!~CG WM14-DIN AV5 3 D S:R;!~R3:502:2:1:16;;;;;1;General 1/2;*;*
CC1C;Eau TR1;Electrique;CC1H;PosteTR1;6;S200;M160;MB07;STEG;PosteTR1;Eau TR1;CC1P1;SubAtelier;*;*;Eau;*;*;CC1P1~;forage~;;;0;Eau TR1;*;*
CC1P1;forage;Electrique;CC1C;Eau TR1;7;S200;M160;MB01;STEG;PosteTR1;Forage;Reel;Machine;*;*;Eau;!~*;!~*;;;;;2;forage;*;*
CC1E;Froid TR1;Electrique;CC1H;PosteTR1;6;S200;M160;MA02;STEG;PosteTR1;Froid TR1;F(CC1E);SubAtelier;*;*;Froid;*;*;F~(~CC1E~)~;F~(~Froid TR1~)~;;;0;Froid TR1;*;*
CC1P11;EXT IMEF1 TR1;Electrique;CC1E;Froid TR1;6;S200;M160;MA02A;STEG;PosteTR1;EXT IMEF1 TR1;F(CC1P11);SubAtelier;*;*;Froid;*;*;F~(~CC1P11~)~;F~(~EXT IMEF1 TR1~)~;;;0;Extension IMEF1 TR1;*;*
CC1P111;C skid+evap/TR1;Electrique;CC1P11;EXT IMEF1 TR1;7;S200;M160;MA02B;STEG;PosteTR1;C skid+evap/tr1;Reel;Machine;*;*;Froid;!~*;!~*;;;;;2;compteur skid + evap sur tr1;*;*
CC1P112;compresseur1_1;Electrique;CC1P11;EXT IMEF1 TR1;7;S200;M160;MA02C;STEG;PosteTR1;compresseur1_1;Reel;Machine;*;*;Froid;!~*;!~*;;;;;2;compresseur1_1;*;*
CC1P113;compresseur2_1;Electrique;CC1P11;EXT IMEF1 TR1;7;S200;M160;MA02D;STEG;PosteTR1;compresseur2_1;Reel;Machine;*;*;Froid;!~*;!~*;;;;;2;compresseur2_1;*;*
CC1P12;York TR1;Electrique;CC1E;Froid TR1;6;S200;M160;M11D1;STEG;PosteTR1;York TR1;F(CC1P12);SubAtelier;*;*;Froid;*;*;F~(~CC1P12~)~;F~(~York TR1~)~;;;0;York TR1;*;*
CC1P121;compresseur1;Electrique;CC1P12;York TR1;7;S200;M160;M11N;STEG;PosteTR1;compresseur1;Reel;Machine;*;*;Froid;!~*;!~*;;;;;2;compresseur1;*;*
CC1P122;compresseur2;Electrique;CC1P12;York TR1;7;S200;M160;M11O;STEG;PosteTR1;compresseur2;Reel;Machine;*;*;Froid;!~*;!~*;;;;;2;compresseur2;*;*
CC1P123;compresseur3;Electrique;CC1P12;York TR1;7;S200;M160;M11P;STEG;PosteTR1;compresseur3;Reel;Machine;*;*;Froid;!~*;!~*;;;;;2;compresseur3;*;*
CC1P124;compresseur4;Electrique;CC1P12;York TR1;7;S200;M160;M11Q;STEG;PosteTR1;compresseur4;Reel;Machine;*;*;Froid;!~*;!~*;;;;;2;compresseur4;*;*
CC1P125;compresseur5;Electrique;CC1P12;York TR1;7;S200;M160;M11R;STEG;PosteTR1;compresseur5;Reel;Machine;*;*;Froid;!~*;!~*;;;;;2;compresseur5;*;*
CC1P126;compresseur6;Electrique;CC1P12;York TR1;7;S200;M160;M11S;STEG;PosteTR1;compresseur6;Reel;Machine;*;*;Froid;!~*;!~*;;;;;2;compresseur6;*;*
CC1P127;SDM1 comp sk;Electrique;CC1P12;York TR1;7;S200;M160;MA02E;STEG;PosteTR1;SDM1 comp sk;Reel;Machine;*;*;Froid;!~*;!~*;;;;;2;sdm1 comp sk(imef)+sk(-16)+sk(-40);*;*
CC1D;Abattoir TR1;Electrique;CC1H;PosteTR1;6;S200;M160;M21I;STEG;PosteTR1;Hangar-A;CC11D;SubAtelier;*;*;Abattoir;*;*;CC11D~;ventilo res 1+2~;;;0;Abattoir TR1;*;*
CC11D;ventilo res 1+2;Electrique;CC1D;Abattoir TR1;7;S200;M160;M21G;STEG;PosteTR1;Refroidisseur;Reel;Machine;*;*;Abattoir;!~*;!~*;;;;;2;ventilo ressuag 1 et 2;*;*
CC1I;PosteTR2;Electrique;CCB3;Post Transfo;4;S200;MELEC;*;STEG;Post Transfo;*;F(CC1I);Process;*;*;PosteTR2;*;*;F~(~CC1I~)~;F~(~PosteTR2~)~;;;0;PosteTR2;*;*
CC1I1;Charcuterie TR2;Electrique;CC1I;PosteTR2;5;S200;M229;M229;STEG;Charcuterie TR2;Charcuterie TR2;F(CC1I1);Atelier;*;*;Charcuterie;*;*;F~(~CC1I1~)~;F~(~Charcuterie TR2~)~;;;0;Charcuterie TR2;*;*
CC1I11;Charcuterie 1 ;Electrique;CC1I1;Charcuterie TR2;6;S200;M170;M221;STEG;PosteTR2;Charcuterie-Pro;Reel;SubAtelier;*;*;Charcuterie;!~*;!~*;;;;;2;Charcuterie 1 ;*;*
CC1I12;conditionnement;Electrique;CC1I1;Charcuterie TR2;6;S200;M170;M223;STEG;PosteTR2;conditionnement  ;Reel;SubAtelier;*;*;Charcuterie;!~*;!~*;;;;;2;conditionnement  Charcuterie;*;*
CC1I13;Cutter 500 ;Electrique;CC1I1;Charcuterie TR2;7;S200;M170;M224;STEG;PosteTR2;Cutter 500 ;Reel;Machine;*;*;Charcuterie;!~*;!~*;;;;;2;Cutter 500 ;*;*
CC1I14;Machine a glace ;Electrique;CC1I1;Charcuterie TR2;7;S200;M170;M227;STEG;PosteTR2;Machine a glace ;Reel;Machine;*;*;Charcuterie;!~*;!~*;;;;;2;Machine a glace ;*;*
CC1I15;Separateur Rec;Electrique;CC1I1;Charcuterie TR2;7;S200;M170;M228;STEG;PosteTR2;Separateur R;Reel;Machine;*;*;Charcuterie;!~*;!~*;;;;;2;Separateur Recoscrenn;*;*
CC1I2;Abattoir TR2;Electrique;CC1I;PosteTR2;5;S200;M170;M21J;STEG;PosteTR2;chaine abattage;F(CC1I2);Atelier;*;*;Abattoir;*;*;F~(~CC1I2~)~;F~(~Abattoir TR2~)~;;;0;Abattoir TR2;*;*
CC1I21;Abattage TR2;Electrique;CC1I2;Abattoir TR2;6;S200;M170;M213;STEG;PosteTR2;Abattage;Reel;SubAtelier;*;*;Abattoir;!~*;!~*;;;;;2;Abattage TR2;*;*
CC1I22;hangar A;Electrique;CC1I2;Abattoir TR2;7;S200;M170;M21I;STEG;PosteTR2;Hangar-A;Reel;Machine;*;*;Abattoir;!~*;!~*;;;;;2;hangar d'attente;*;*
CC1I23;Decoupe;Electrique;CC1I2;Abattoir TR2;6;S200;M170;M217;STEG;PosteTR2;Decoupe;Reel;SubAtelier;*;*;Abattoir;!~*;!~*;;;;;2;Decoupe;*;*
CC1I24;Pompe a Vide;Electrique;CC1I2;Abattoir TR2;7;S200;M170;M218;STEG;PosteTR2;Pompe a Vide;Reel;Machine;*;*;Abattoir;!~*;!~*;;;;;2;Pompe a Vide;*;*
CC1I25;Plumeuse;Electrique;CC1I2;Abattoir TR2;7;S200;M170;M219;STEG;PosteTR2;Plumage;Reel;Machine;*;*;Abattoir;!~*;!~*;;;;;2;Plumeuse;*;*
CC1I26;Pompe a Vide P;Electrique;CC1I2;Abattoir TR2;7;S200;M170;M21C;STEG;PosteTR2;Pompe a Vide P;Reel;Machine;*;*;Abattoir;!~*;!~*;;;;;2;Pompe a Vide Poumons;*;*
CC1Z;Coproduit TR2;Electrique;CC1I;PosteTR2;6;S200;M170;M152A;STEG;PosteTR2;CoProduit TR2;CC1F5;SubAtelier;*;*;CoProduit;*;*;CC1F5~;COP-eclairage~;;;0;Coproduit TR2;*;*
CC1F5;COP-eclairage;Electrique;CC1Z;Coproduit TR2;7;S200;M170;M152;STEG;PosteTR2;COP-eclairage;Reel;Machine;*;*;CoProduit;!~*;!~*;;;;;2;eclairage coproduit;*;*
CC1I3;Chaufferie TR2;Electrique;CC1I;PosteTR2;5;S200;M170;MC00;STEG;PosteTR2;Chaufferie;F(CC1I3);Atelier;*;*;Chaufferie;*;*;F~(~CC1I3~)~;F~(~Chaufferie TR2~)~;;;0;Chaufferie TR2;*;*
CC1I31;GA 30;Electrique;CC1I3;Chaufferie TR2;6;S200;M170;M153;STEG;PosteTR2;GA 30;Reel;SubAtelier;*;*;Chaufferie;!~*;!~*;;;;;2;GA 30;*;*
CC1I32;GA 50;Electrique;CC1I3;Chaufferie TR2;6;S200;M170;M154;STEG;PosteTR2;GA 50;Reel;SubAtelier;*;*;Chaufferie;!~*;!~*;;;;;2;GA 50;*;*
CC1I33;Comp Kaeser;Electrique;CC1I3;Chaufferie TR2;7;S200;M170;M155;STEG;PosteTR2;Compress-Kaeser;Reel;Machine;*;*;Chaufferie;!~*;!~*;;;;;2;CompresseurKaeser;*;*
CC1I34;CHAUFFERIE+AC;Electrique;CC1I3;Chaufferie TR2;6;S200;M170;M1R0;STEG;PosteTR2;CHAUFFERIE+AC;Reel;SubAtelier;*;*;Chaufferie;!~*;!~*;;;;;2;CHAUFFERIE+ air comprime;*;*
CC1X;Froid TR2;Electrique;CC1I;PosteTR2;6;S200;M170;MA03;STEG;PosteTR2;Froid TR2;CC1Q6;SubAtelier;*;*;Froid;*;*;CC1Q6~;MPF ancienne  ~;;;0;Froid TR2;*;*
CC1Q6;MPF ancienne  ;Electrique;CC1X;Froid TR2;5;S200;M170;MA03A;STEG;PosteTR2;MPF  ancienne  ;Reel;Atelier;*;*;Froid;!~*;!~*;;;;;2;MPF ancienne  ;*;*
CC1Y;Eau TR2;Electrique;CC1I;PosteTR2;6;S200;M170;MB08;STEG;PosteTR2;Eau TR2;CC1N7;SubAtelier;*;*;Eau;*;*;CC1N7~;SP TR2x6~;;;0;Eau TR2;*;*
CC1N7;SP TR2x6;Electrique;CC1Y;Eau TR2;7;S200;M170;MB02;STEG;PosteTR2;SP TR2  x 6;Reel;Machine;*;*;Eau;!~*;!~*;;;;;2;Station Primaire TR2  x 6;*;*
CC1I4;facility TR2;Electrique;CC1I;PosteTR2;5;S200;M170;Z300;STEG;PosteTR2;Facility;F(CC1I4);Atelier;*;*;*;*;*;F~(~CC1I4~)~;F~(~facility TR2~)~;;;0;facility TR2;*;*
CC1I41;Admin Elec;Electrique;CC1I4;facility TR2;6;S200;M170;Z300;STEG;PosteTR2;Facility;Reel;SubAtelier;*;*;Administration;!~*;!~*;;;;;2;Administration Electrique;*;*
CC1I42;Magasin Elec;Electrique;CC1I4;facility TR2;6;S200;M170;Z300;STEG;PosteTR2;Facility;Reel;SubAtelier;*;*;Magasin;!~*;!~*;;;;;2;Magasin Electrique;*;*
CC1J;PosteTR3;Electrique;CCB3;Post Transfo;4;S200;MELEC;*;STEG;Post Transfo;*;F(CC1J);Process;*;*;PosteTR3;*;*;F~(~CC1J~)~;F~(~PosteTR3~)~;;;0;PosteTR3;*;*
CC1T;Charcuterie TR3;Electrique;CC1J;PosteTR3;5;S200;M22A;M22A;STEG;Charcuterie TR3;Charcuterie TR3;F(CC1T);Atelier;*;*;Charcuterie;*;*;F~(~CC1T~)~;F~(~Charcuterie TR3~)~;;;0;Charcuterie TR3;*;*
CC1T1;Charcuterie 2  ;Electrique;CC1T;Charcuterie TR3;6;S200;M222;M222;STEG;Charcuterie 2  ;Charcuterie 2  ;Reel;SubAtelier;*;*;Charcuterie;!~*;!~*;;;;;2;Charcuterie 2  ;*;*
CC1T2;Hachwar GEA  ;Electrique;CC1T;Charcuterie TR3;7;S200;M180;M226;STEG;PosteTR3;Hachwar GEA  ;Reel;Machine;*;*;Charcuterie;!~*;!~*;;;;;2;Hachwar GEA  ;*;*
CC161;Autoclave;Electrique;CC1J;PosteTR3;7;S200;M180;M261;STEG;PosteTR3;Autoclave;Reel;Machine;*;*;Conserve;!~*;!~*;;;;;2;Autoclave;*;*
CC162;ProcessUCPC;Electrique;CC1J;PosteTR3;5;S200;M180;M261;STEG;PosteTR3;Autoclave;Reel;Atelier;*;*;UCPC;!~*;!~*;;;;;2;Process UCPC;*;*
CC1N1;StationOsmose1;Electrique;CC1J;PosteTR3;5;S200;M180;MB03;STEG;PosteTR3;StationOsmose1;Reel;Atelier;*;*;Eau;!~*;!~*;;;;;2;Station Osmose1;*;*
CC1J4;Froid TR3;Electrique;CC1J;PosteTR3;6;S200;M180;MA04;STEG;PosteTR3;Froid TR3;F(CC1V);SubAtelier;*;*;Froid;*;*;F~(~CC1V~)~;F~(~Dick TR5~)~;;;0;Froid TR3;*;*
CC1J1;EXT IMEF2 TR3;Electrique;CC1J4;Froid TR3;5;S200;M180;MA04B;STEG;PosteTR3;EXT IMEF2 TR3;F(CC1J1);Atelier;*;*;Froid;*;*;F~(~CC1J1~)~;F~(~EXT IMEF2 TR3~)~;;;0;Extention IMEF2 TR3;*;*
CC1J11;compresseur3_3;Electrique;CC1J1;EXT IMEF2 TR3;7;S200;M180;MA04C;STEG;PosteTR3;compresseur3_3;Reel;Machine;*;*;Froid;!~*;!~*;;;;;2;compresseur3_3;*;*
CC1J12;compresseur4_3;Electrique;CC1J1;EXT IMEF2 TR3;7;S200;M180;MA04D;STEG;PosteTR3;compresseur4_3;Reel;Machine;*;*;Froid;!~*;!~*;;;;;2;compresseur4_3;*;*
CC1J2;Matal TR3;Electrique;CC1V;Dick TR5;5;S200;M180;MA04E;STEG;PosteTR3;Matal TR3;F(CC1J2);Atelier;*;*;Froid;*;*;F~(~CC1J2~)~;F~(~Matal TR3~)~;;;0;Matal TR3;*;*
CC1J21;compresseur1_3;Electrique;CC1J2;Matal TR3;7;S200;M180;MA04F;STEG;PosteTR3;compresseur1_3;Reel;Machine;*;*;Froid;!~*;!~*;;;;;2;compresseur1_3;*;*
CC1J22;compresseur2_3;Electrique;CC1J2;Matal TR3;7;S200;M180;MA04G;STEG;PosteTR3;compresseur2_3;Reel;Machine;*;*;Froid;!~*;!~*;;;;;2;compresseur2_3;*;*
CC1J3;SMF ElMazraaTR3;Electrique;CC1V;Dick TR5;5;S200;M180;MA04H;STEG;PosteTR3;SMF ElMazraaTR3;F(CC1J3);Atelier;*;*;Froid;*;*;F~(~CC1J3~)~;F~(~SMF ElMazraaTR3~)~;;;0;SalleMachine Froid ElMazeraa TR3;*;*
CC1J31;ARM EVAP FROID;Electrique;CC1J3;SMF ElMazraaTR3;6;S200;M180;MA04A;STEG;PosteTR3;ARMOIR EVAP Ch FROID;Reel;SubAtelier;*;*;Froid;!~*;!~*;;;;;2;ARMOIR EVAP Ch 04-012 FROID;*;*
CC1J32;SKID IMEF -16ï¿;Electrique;CC1J3;SMF ElMazraaTR3;7;S200;M180;MA04I;STEG;PosteTR3;SKID IMEF -16°C;Reel;Machine;*;*;Froid;!~*;!~*;;;;;2;SKID IMEF -16ï¿;*;*
CC1J33;SDM1 COMP MATAL;Electrique;CC1J3;SMF ElMazraaTR3;6;S200;M180;MA04J;STEG;PosteTR3;SDM1 COMP MATAL;Reel;SubAtelier;*;*;Froid;!~*;!~*;;;;;2;SDM1 COMPRESSEUR MATAL;*;*
CC1K;PosteTR4;Electrique;CCB3;Post Transfo;4;S200;MELEC;*;STEG;Post Transfo;*;F(CC1K);Process;*;*;PosteTR4;*;*;F~(~CC1K~)~;F~(~PosteTR4~)~;;;0;PosteTR4;*;*
CC1K1;Coproduit TR4;Electrique;CC1K;PosteTR4;5;S200;M190;M152B;STEG;PosteTR4;CoProduit TR4;F(CC1K1);Atelier;*;*;CoProduit;*;*;F~(~CC1K1~)~;F~(~Coproduit TR4~)~;;;0;Coproduit TR4;*;*
CC1K11;ATL-Coproduit;Electrique;CC1K1;Coproduit TR4;6;S200;M190;C210;STEG;PosteTR4;Prod Coproduit;Reel;SubAtelier;*;*;CoProduit;!~*;!~*;;;;;2;Atelier Coproduit;*;*
CC1K12;COP-Collecte;Electrique;CC1K1;Coproduit TR4;6;S200;M190;C220;STEG;PosteTR4;COP-Facility;Reel;SubAtelier;*;*;CoProduit;!~*;!~*;;;;;2;Coproduit Collecte;*;*
CC1K13;TP Coproduit;Electrique;CC1K1;Coproduit TR4;6;S200;M190;C240;STEG;PosteTR4;TP Coopr;Reel;SubAtelier;*;*;CoProduit;!~*;!~*;;;;;3;TP Coproduit;*;*
CC1K14;Coproduit Process;Electrique;CC1K1;Coproduit TR4;6;S200;M190;M152B;STEG;PosteTR4;CoProduit TR4;Reel;SubAtelier;*;*;CoProduit;!~*;!~*;;;;;2;COP-Process;*;*
CC1K2;PetFood TR4;Electrique;CC1K;PosteTR4;5;S200;M190;M242;STEG;PosteTR4;PetFood TR4;F(CC1K2);Atelier;*;*;PetFood;*;*;F~(~CC1K2~)~;F~(~PetFood TR4~)~;;;0;PetFood TR4;*;*
CC1K21;cutteur PetFood;Electrique;CC1K2;PetFood TR4;7;S200;M190;M24A;STEG;PosteTR4;cutteur PetFood;Reel;Machine;*;*;PetFood;!~*;!~*;;;;;2;cutteur PetFood;*;*
CC1K22;PetFood Calcule;Electrique;CC1K2;PetFood TR4;6;S200;M190;M24B;STEG;PosteTR4;PetFood Calcule;Reel;SubAtelier;*;*;PetFood;!~*;!~*;;;;;2;PetFood Calcule;*;*
CC1K23;Ventio evap;Electrique;CC1K2;PetFood TR4;7;S200;M190;M24C;STEG;PosteTR4;Ventio evap;Reel;Machine;*;*;PetFood;!~*;!~*;;;;;2;Ventio evap;*;*
CC1U;Eau TR4;Electrique;CC1K;PosteTR4;5;S200;M190;MB09;STEG;PosteTR4;Eau TR4;F(CC1U);Atelier;*;*;Eau;*;*;F~(~CC1U~)~;F~(~Eau TR4~)~;;;0;Eau TR4;*;*
CC1U1;SP Nouveau TR4;Electrique;CC1U;Eau TR4;6;S200;M190;MB04;STEG;PosteTR4;SP Nouveau TR4;Reel;SubAtelier;*;*;Eau;!~*;!~*;;;;;2;SP Nouveau TR4;*;*
CC1U2;StationOsmose2;Electrique;CC1U;Eau TR4;6;S200;M190;MB05;STEG;PosteTR4;StationOsmose2;Reel;SubAtelier;*;*;Eau;!~*;!~*;;;;;2;Station Osmose2;*;*
CC1K3;Abattoir TR4;Electrique;CC1K;PosteTR4;5;S200;M190;M21K;STEG;PosteTR4;ECHAUDOIRE;F(CC1K3);Atelier;*;*;Abattoir;*;*;F~(~CC1K3~)~;F~(~Abattoir TR4~)~;;;0;Abattoir TR4;*;*
CC1K31;Pompe a Vide 1;Electrique;CC1K3;Abattoir TR4;7;S200;M190;M21A;STEG;PosteTR4;Pompe a Vide 1;Reel;Machine;*;*;Abattoir;!~*;!~*;;;;;2;Pompe a Vide 1;*;*
CC1K32;Pompe a Vide 2;Electrique;CC1K3;Abattoir TR4;7;S200;M190;M21B;STEG;PosteTR4;Pompe a Vide 2;Reel;Machine;*;*;Abattoir;!~*;!~*;;;;;2;Pompe a Vide 2;*;*
CC1K33;Pompe a Vide D;Electrique;CC1K3;Abattoir TR4;7;S200;M190;M217;STEG;PosteTR4;Decoupe;Reel;Machine;*;*;Abattoir;!~*;!~*;;;;;2;Pompe a Vide Decoupe;*;*
CC1Q5;EXT MPF 18+19B;Electrique;CC1K;PosteTR4;5;S200;M190;MA06;STEG;PosteTR4;Salles Machines;Reel;Atelier;*;*;Froid;!~*;!~*;;;;;2;EXT MPF 18 BIS + 19 BIS;*;*
CC1L;PosteTR5;Electrique;CCB3;Post Transfo;4;S200;MELEC;*;STEG;Post Transfo;*;F(CC1L);Process;*;*;PosteTR5;*;*;F~(~CC1L~)~;F~(~PosteTR5~)~;;;0;PosteTR5;*;*
CC1V;Dick TR5;Electrique;CC1L;PosteTR5;5;S200;M1A0;D200;STEG;PosteTR5;Dick;F(CC1V);Atelier;*;*;Dick;*;*;F~(~CC1V~)~;F~(~Dick TR5~)~;;;0;Dick TR5;*;*
CC1V1;FROID DICK;Electrique;CC1V;Dick TR5;6;S200;M1A0;D200;STEG;PosteTR5;Dick;Reel;SubAtelier;*;*;Dick;!~*;!~*;;;;;2;FROID DICK;*;*
CC1V2;PROC RESS DICK;Electrique;CC1V;Dick TR5;6;S200;M1A0;D200;STEG;PosteTR5;Dick;Reel;SubAtelier;*;*;Dick;!~*;!~*;;;;;2;PROCESS RESSUAGE DICK;*;*
CC1N4;Station Wedeco;Electrique;CC1L;PosteTR5;5;S200;M1A0;MB06;STEG;PosteTR5;Station Wedeco;Reel;Atelier;*;*;Eau;!~*;!~*;;;;;2;Station Wedeco;*;*
CC1W;Froid TR5;Electrique;CC1L;PosteTR5;6;S200;M1A0;MA05;STEG;PosteTR5;Froid TR5;F(CC1W);SubAtelier;*;*;Froid;*;*;F~(~CC1W~)~;F~(~Froid TR5~)~;;;0;Froid TR5;*;*
CC1C7;SMF Ress3 TR5;Electrique;CC1W;Froid TR5;5;S200;M1A0;MA05A;STEG;PosteTR5;SMF Ress3 TR5;F(CC1C7);Atelier;*;*;Froid;*;*;F~(~CC1C7~)~;F~(~SMF Ress3 TR5~)~;;;0;SalleMachine Froid Ressuage3 TR5;*;*
CC1C4;compresseur1_5;Electrique;CC1C7;SMF Ress3 TR5;7;S200;M1A0;MA05B;STEG;PosteTR5;compresseur1_5;Reel;Machine;*;*;Froid;!~*;!~*;;;;;2;compresseur1_5;*;*
CC1C5;compresseur2_5;Electrique;CC1C7;SMF Ress3 TR5;7;S200;M1A0;MA05C;STEG;PosteTR5;compresseur2_5;Reel;Machine;*;*;Froid;!~*;!~*;;;;;2;compresseur2_5;*;*
CC1Q10;SDM2 (RES+PETF);Electrique;CC1W;Froid TR5;5;S200;M1A0;MA05D;STEG;PosteTR5;SDM2(RES+PETF);Reel;Atelier;*;*;Froid;!~*;!~*;;;;;2;sdm2 (RESSUAGE+PETFOOD);*;*
CC1C6;ventilo ress3 ;Electrique;CC1L;PosteTR5;7;S200;M1A0;M21M;STEG;PosteTR5;ventilo ress-3;Reel;Machine;*;*;Abattoir;!~*;!~*;;;;;2;ventilo ress 3 44 ventilos;*;*
CC1M;PosteTR6;Electrique;CCB3;Post Transfo;4;S200;MELEC;*;STEG;Post Transfo;*;F(CC1M);Process;*;*;PosteTR6;*;*;F~(~CC1M~)~;F~(~PosteTR6~)~;;;0;PosteTR6;*;*
CC1M1;Surgele TR6;Electrique;CC1M;PosteTR6;5;S200;M1B0;M25G;STEG;PosteTR6;Surgele TR6;F(CC1M1);Atelier;*;*;Surgele;*;*;F~(~CC1M1~)~;F~(~Surgele TR6~)~;;;0;Surgele TR6;*;*
CC1M11;ARM Surgele TR6;Electrique;CC1M1;Surgele TR6;6;S200;M1B0;M25H;STEG;PosteTR6;ARM-Surgele TR6;F(CC1M11);SubAtelier;*;*;Surgele;*;*;F~(~CC1M11~)~;F~(~ARM Surgele TR6~)~;;;0;Armoires Surgele TR6;*;*
CC1M111;ARM DISTRIB L1;Electrique;CC1M11;ARM Surgele TR6;7;S200;M1B0;M251;STEG;PosteTR6;ARM DISTRIB L1;Reel;Machine;*;*;Surgele;!~*;!~*;;;;;2;ARMOIRE DISTRIBUTION LIGNE 1;*;*
CC1M112;ARM DISTRIBL2;Electrique;CC1M11;ARM Surgele TR6;7;S200;M1B0;M252;STEG;PosteTR6;ARM DISTRIB L2;Reel;Machine;*;*;Surgele;!~*;!~*;;;;;2;ARMOIRE DISTRIBUTION LIGNE 2;*;*
CC1M113;ARM GRP FROID+;Electrique;CC1M11;ARM Surgele TR6;7;S200;M1B0;M253;STEG;PosteTR6;ARM GRP FROID+;Reel;Machine;*;*;Surgele;!~*;!~*;;;;;2;ARMOIRE GROUPE FROID POSITIF;*;*
CC1M114;ARMOIRE POSITIF;Electrique;CC1M11;ARM Surgele TR6;7;S200;M1B0;M254;STEG;PosteTR6;ARMOIRE POSITIF;Reel;Machine;*;*;Surgele;!~*;!~*;;;;;2;ARMOIRE POSITIF;*;*
CC1M115;ARM ECLAIR USIN ;Electrique;CC1M11;ARM Surgele TR6;7;S200;M1B0;M255;STEG;PosteTR6;ARM ECLAIR USINE;Reel;Machine;*;*;Surgele;!~*;!~*;;;;;2;ARMOIRE ECLAIREGE USINE ;*;*
CC1M116;ARMOIRE AMONIAC;Electrique;CC1M11;ARM Surgele TR6;7;S200;M1B0;M257;STEG;PosteTR6;ARMOIRE AMONIAC;Reel;Machine;*;*;Surgele;!~*;!~*;;;;;2;ARMOIRE AMONIAC;*;*
CC1M117;ARM CHAUFFERIE;Electrique;CC1M11;ARM Surgele TR6;7;S200;M1B0;M258;STEG;PosteTR6;ARMOIRE CHAUF;Reel;Machine;*;*;Surgele;!~*;!~*;;;;;2;ARMOIRE CHAUFFERIE;*;*
CC1M118;ARMOIRE PORTE;Electrique;CC1M11;ARM Surgele TR6;7;S200;M1B0;M259;STEG;PosteTR6;ARMOIRE PORTE;Reel;Machine;*;*;Surgele;!~*;!~*;;;;;2;ARMOIRE PORTE;*;*
CC156;MONTE CHARGE;Electrique;CC1M1;Surgele TR6;6;S200;M1B0;M256;STEG;PosteTR6;MONTE CHARGE;Reel;SubAtelier;*;*;Surgele;!~*;!~*;;;;;3;MONTE CHARGE;*;*
CC15A;surgelateur 1;Electrique;CC1M1;Surgele TR6;7;S200;M1B0;M25A;STEG;PosteTR6;surgelateur 1;Reel;Machine;*;*;Surgele;!~*;!~*;;;;;3;surgelateur 1;*;*
CC15B;surgelateur 2;Electrique;CC1M1;Surgele TR6;7;S200;M1B0;M25B;STEG;PosteTR6;surgelateur 2;Reel;Machine;*;*;Surgele;!~*;!~*;;;;;3;surgelateur 2;*;*
CC15C;vestiere;Electrique;CC1M1;Surgele TR6;6;S200;M1B0;M25C;STEG;PosteTR6;vestiere;Reel;SubAtelier;*;*;Surgele;!~*;!~*;;;;;2;vestiere;*;*
CC15D;baratte;Electrique;CC1M1;Surgele TR6;6;S200;M1B0;M25D;STEG;PosteTR6;baratte;Reel;SubAtelier;*;*;Surgele;!~*;!~*;;;;;2;baratte;*;*
CC15E;ChargeB Chariot;Electrique;CC1M1;Surgele TR6;6;S200;M1B0;M25E;STEG;PosteTR6;chargeB chariot;Reel;SubAtelier;*;*;Surgele;!~*;!~*;;;;;2;charge batterie chariot;*;*
CC1Q2;DIVER SURG -SK-;Electrique;CC1M1;Surgele TR6;6;S200;M1B0;M25F;STEG;PosteTR6;Osmose Surgele2;Reel;SubAtelier;*;*;Surgele;!~*;!~*;;;;;2;DIVER SURGELE SAUF SKID NEGATIF;*;*
CC1M2;SMF Surgele TR6;Electrique;CC1M;PosteTR6;5;S200;M1B0;MA09E;STEG;PosteTR6;SMF Surgele TR6;F(CC1M2);Atelier;*;*;Froid;*;*;F~(~CC1M2~)~;F~(~SMF Surgele TR6~)~;;;0;SalleMachine Froid Surgele TR6;*;*
CC1M21;GRP (-) compres;Electrique;CC1M2;SMF Surgele TR6;6;S200;M1B0;MA09F;STEG;PosteTR6;GRP (-) compres;Reel;SubAtelier;*;*;Froid;!~*;!~*;;;;;2;groupe negatif compresseur;*;*
CC1M22;GRP (+) compres;Electrique;CC1M2;SMF Surgele TR6;6;S200;M1B0;MA09G;STEG;PosteTR6;GRP (+) compres;Reel;SubAtelier;*;*;Froid;!~*;!~*;;;;;2;groupe positif compresseur;*;*
CC1M23;GRP (+2)compres;Electrique;CC1M2;SMF Surgele TR6;6;S200;M1B0;MA09H;STEG;PosteTR6;GRP(+)2 compres;Reel;SubAtelier;*;*;Froid;!~*;!~*;;;;;2;groupe positif 2 compresseur;*;*
CC1M24;SKID NEGATIF;Electrique;CC1M2;SMF Surgele TR6;6;S200;M1B0;MA09I;STEG;PosteTR6;SKID NEGATIF;Reel;SubAtelier;*;*;Froid;!~*;!~*;;;;;3;SKID NEGATIF;*;*
CC1M3;Chauf-SurgelTR6;Electrique;CC1M;PosteTR6;5;S200;M1B0;M140;STEG;PosteTR6;ChaufferieSurgel;F(CC1M3);Atelier;*;*;Chaufferie;*;*;F~(~CC1M3~)~;F~(~Chauf-SurgelTR6~)~;;;0;ChaufferieSurgele TR6;*;*
CC1M31;compresseur air1;Electrique;CC1M3;Chauf-SurgelTR6;7;S200;M1B0;M141;STEG;PosteTR6;compressuer air1;Reel;Machine;*;*;Chaufferie;!~*;!~*;;;;;2;compresseur a air 1;*;*
CC1M32;compresseur air2;Electrique;CC1M3;Chauf-SurgelTR6;7;S200;M1B0;M142;STEG;PosteTR6;compressuer air2;Reel;Machine;*;*;Chaufferie;!~*;!~*;;;;;2;compresseur a air 2;*;*
CC1M33;sondage bas;Electrique;CC1M3;Chauf-SurgelTR6;6;S200;M1B0;M147;STEG;PosteTR6;sondage bas;Reel;SubAtelier;*;*;Chaufferie;!~*;!~*;;;;;2;sondage bas;*;*
CC1O;Poste TRX;Electrique;CCB3;Post Transfo;4;S200;MELEC;*;STEG;Post Transfo;*;F(CC1O);Process;*;*;Poste TRX;*;*;F~(~CC1O~)~;F~(~Poste TRX~)~;;;0;Poste TRX;*;*
CC1O1;Hachoir CB160;Electrique;CC1O;Poste TRX;7;S200;MX00;M225;STEG;Poste TRX;Hachoir CB 160 ;Reel;Machine;*;*;Charcuterie;!~*;!~*;;;;;2;Hachoir CB160;*;*
CC1O2;Skid;Electrique;CC1O;Poste TRX;7;S200;MX00;M11M;STEG;Poste TRX;skid;Reel;Machine;*;*;Froid;!~*;!~*;;;;;2;Skid;*;*
CC1O3;Restaurant Elec;Electrique;CC1O;Poste TRX;5;S200;MX00;Z300;STEG;Poste TRX;Facility;Reel;Atelier;*;*;Refectoires;!~*;!~*;;;;;2;Restaurant Electrique;*;*
CC1O4;Chaine Ressuage;Electrique;CC1O;Poste TRX;6;S200;MX00;M21H;STEG;Poste TRX;Hydro nettoyeur;Reel;SubAtelier;*;*;Abattoir;!~*;!~*;;;;;2;Chaine Ressuage;*;*
CC1O5;Atelier O-B;Electrique;CC1O;Poste TRX;5;S200;MX00;M21E;STEG;Poste TRX;Atelier-OB;Reel;Atelier;*;*;Abattoir;!~*;!~*;;;;;2;Atelier Osso Bucoo;*;*
CC1O6;Cutteur N1;Electrique;CC1O;Poste TRX;7;S200;MX00;M22B;STEG;Poste TRX;cutteru N1;Reel;Machine;*;*;Charcuterie;!~*;!~*;;;;;2;Cutteur N1;*;*
CC1O7;Cutteur N2;Electrique;CC1O;Poste TRX;7;S200;MX00;M22C;STEG;Poste TRX;cutteur N2;Reel;Machine;*;*;Charcuterie;!~*;!~*;;;;;2;Cutteur N2;*;*
CC1O8;ElMazraa Eclair;Electrique;CC1O;Poste TRX;5;S200;MX00;Z300;STEG;Poste TRX;Facility;Reel;Atelier;*;*;ElMazeraa;!~*;!~*;;;;;2;Elairage ElMazraa;*;*
CC1O9;LChariot+GRP-EL;Electrique;CC1O;Poste TRX;5;S200;MX00;M156;STEG;Poste TRX;Lchariot+GRP-EL;Reel;Atelier;*;*;Chaufferie;!~*;!~*;;;;;2;Local Chariot +Grp electrogene;*;*
CCC;Facility Elec;Electrique;CC1;ElMazeraa Elec;2;S200;M170;Z300;STEG;PosteTR2;Facility;CC1I4;Type de Site;*;*;*;*;*;CC1I4~;facility TR2~;;;0;Facility Electrique;*;*
CC2;Dick Elect;Electrique;CCE;VMZ Conso Elec;1;S200;*;D200;STEG;*;Dick;CC1V;Site;*;CPT2;Dick;*;*;CC1V~;Dick TR5~;;;0;Dick Electrique;Dick Tonnage;*
CC3;CoProduit Elec;Electrique;CCE;VMZ Conso Elec;1;S200;*;C200;STEG;*;CoProduit;CC1K1+CC1F5;Site;*;CPT3;CoProduit;*;*;CC1K1~+~CC1F5~;Coproduit TR4~+~COP-eclairage~;;;0;CoProduit Electrique;CoProduit T;*
CV0;VMZ Vapeur;Vapeur;*;*;0;*;*;*;*;*;*;*;Company;*;*;VMZ;*;*;*~;*~;;;0;VMZ Vapeur;*;*
CV06;VMZ Distrib Vap;Vapeur;CV0;VMZ Vapeur;1;*;V100;*;*;VMZ;*;Reel;Site;*;*;VMZ;!~*;!~*;;;;;2;VMZ Distribution Vapeur;*;*
CV01;VMZ Conso Vap;Vapeur;CV0;VMZ Vapeur;1;*;*;V100;*;*;VMZ;F(CV01);Site;*;CPT0;VMZ;*;*;F~(~CV01~)~;F~(~VMZ Conso Vap~)~;;;0;VMZ Consommation Vapeur;VMZ Tonnage;*
CV1;ElMazeraa Vap;Vapeur;CV01;VMZ Conso Vap;1;*;*;M200;*;*;ElMazeraa;F(CV1);Site;*;CPT1;ElMazeraa;*;*;F~(~CV1~)~;F~(~ElMazeraa Vap~)~;;;0;ElMazeraa Vapeur;ElMazraa T;*
CV2;Coproduit Vap;Vapeur;CV01;VMZ Conso Vap;1;*;*;C200;*;*;CoProduit;Reel;Site;*;CPT3;CoProduit;!~*;!~*;;;;;2;Coproduit Vapeur;CoProduit T;*
CV02;VMZ Prod Vap;Vapeur;CV0;VMZ Vapeur;1;V100;*;*;VMZ;*;*;CV021;Site;*;*;VMZ;*;*;CV021~;Cogen Vapeur~;;;0;VMZ Production Vapeur;*;*
CV021;Cogen Vapeur;Vapeur;CV02;VMZ Prod Vap;2;N200;*;*;Cogeneration;*;*;Reel;Type de Site;*;*;Cogeneration;!~*;!~*;;;;;2;Cogeneration Vapeur;*;*
CV03;Ecart P/C Vap;Vapeur;CV0;VMZ Vapeur;1;*;*;*;*;*;*;CV02-CV01;Site;*;*;VMZ;*;*;CV02~-~CV01~;VMZ Prod Vap~-~VMZ Conso Vap~;;;0;Ecart Production/Consommation Vapeur;*;*
CV04;Ecart P/D Vap;Vapeur;CV0;VMZ Vapeur;1;*;*;*;*;*;*;CV02-CV06;Site;*;*;VMZ;*;*;CV02~-~CV06~;VMZ Prod Vap~-~VMZ Distrib Vap~;;;0;Ecart Production/Distribution Vapeur;*;*
CV05;Ecart D/C Vap;Vapeur;CV0;VMZ Vapeur;1;*;*;*;*;*;*;CV06-CV01;Site;*;*;VMZ;*;*;CV06~-~CV01~;VMZ Distrib Vap~-~VMZ Conso Vap~;;;0;Ecart Distribution/Consommation Vapeur;*;*
CVA;Production;Vapeur;CV1;ElMazeraa Vap;2;*;*;Z100;*;*;Production;F(CVA);Type de Site;*;*;*;*;*;F~(~CVA~)~;F~(~Production~)~;;;0;Production;*;*
CV11;Abattoir Vapeur;Vapeur;CVA;Production;3;M2C0;*;M210;Chaudiere 1+2+C;*;Abattoir;Reel;Usine;*;CPT11;Abattoir;!~*;!~*;;;;;2;Abattoir Vapeur;Abattoir T;*
CV12;Charcuterie Vap;Vapeur;CVA;Production;3;M2C0;*;M220;Chaudiere 1+2+C;*;Charcuterie;Reel;Usine;*;CPT12;Charcuterie;!~*;!~*;;;;;2;Charcuterie Vapeur;Charcuterie T;*
CV13;Conserve Vap;Vapeur;CVA;Production;3;M2C0;*;M230;Chaudiere 1+2+C;*;Conserve;Reel;Usine;*;CPT13;Conserve;!~*;!~*;;;;;2;Conserve Vapeur;Conserve T;*
CV14;PetFood Vap;Vapeur;CVA;Production;3;M2C0;*;M240;Chaudiere 1+2+C;*;PetFood;Reel;Usine;*;CPT14;PetFood;!~*;!~*;;;;;2;PetFood Vapeur;PetFood T;*
CV15;Surgele Vapeur;Vapeur;CVA;Production;3;*;*;M250;*;*;Surgele;Reel;Usine;*;CPT15;Surgele;!~*;!~*;;;;;2;Surgele Vapeur;Surgele T;*
CV16;UCPC Vapeur;Vapeur;CVA;Production;3;*;*;M260;*;*;UCPC;Reel;Usine;*;CPT16;UCPC;!~*;!~*;;;;;2;UCPC Vapeur;UCPC T;*
CVB;Utilitaire;Vapeur;CV1;ElMazeraa Vap;2;*;*;Z200;*;*;Utilitaire;F(CVB);Type de Site;*;*;*;*;*;F~(~CVB~)~;F~(~Utilitaire~)~;;;0;Utilitaire;*;*
CV1O;Chaudiere 1+2+C;Vapeur;CVB;Utilitaire;3;M2C0;*;*;Chaudiere 1+2+C;*;*;F(CV1O);Usine;*;*;Chaufferie;*;*;F~(~CV1O~)~;F~(~Chaudiere 1+2+C~)~;;;0;Chaudiere 1+2+Cogeneration;*;*
CV1O1;ECHAUDOIRE;Vapeur;CV1O;Chaudiere 1+2+C;5;M2C0;M200;M213;Chaudiere 1+2+C;ElMazeraa;Abattage;Reel;Atelier;*;*;Abattoir;!~*;!~*;;;;;2;ECHAUDOIRE;*;*
CV1O2;LAVEUSE CAISSE;Vapeur;CV1O;Chaudiere 1+2+C;7;M2C0;M200;M213;Chaudiere 1+2+C;ElMazeraa;Abattage;Reel;Machine;*;*;Abattoir;!~*;!~*;;;;;2;LAVEUSE CAISSE;*;*
CV1O3;BAINS CUISSON;Vapeur;CV1O;Chaudiere 1+2+C;7;M2C0;M200;M22I;Chaudiere 1+2+C;ElMazeraa;BAINS-CUISSON;Reel;Machine;*;*;Charcuterie;!~*;!~*;;;;;2;BAINS CUISSON;*;*
CV1O4;ATL CONSERVE;Vapeur;CV1O;Chaudiere 1+2+C;5;M2C0;M200;M233;Chaudiere 1+2+C;ElMazeraa;ATL-conserve;Reel;Atelier;*;*;Conserve;!~*;!~*;;;;;2;Atelier CONSERVE;*;*
CV1O5;AUTOCLAVE PetFd;Vapeur;CV1O;Chaudiere 1+2+C;7;M2C0;M200;M241;Chaudiere 1+2+C;ElMazeraa;Autoclave PetFd;Reel;Machine;*;*;PetFood;!~*;!~*;;;;;2;AUTOCLAVE petfood;*;*
CV1O6;ATL PETFOOD;Vapeur;CV1O;Chaudiere 1+2+C;5;M2C0;M200;M243;Chaudiere 1+2+C;ElMazeraa;Atelier PETFOOD;Reel;Atelier;*;*;PetFood;!~*;!~*;;;;;2;Atelier PETFOOD;*;*
CV1O7;bache eau+four;Vapeur;CV1O;Chaudiere 1+2+C;7;M2C0;M200;MC00;Chaudiere 1+2+C;ElMazeraa;Chaufferie;Reel;Machine;*;*;Surgele;!~*;!~*;;;;;2;bache a eau et four;*;*
CV1O9;chaudiere n1;Vapeur;CVB;Utilitaire;7;M2C0;*;*;Chaudiere 1+2+C;*;*;Reel;Machine;*;*;Salle chaudiere;!~*;!~*;;;;;2;chaudiere n1;*;*
CV1OA;chaudiere n2;Vapeur;CVB;Utilitaire;7;M2C0;*;*;Chaudiere 1+2+C;*;*;Reel;Machine;*;*;Salle chaudiere;!~*;!~*;;;;;2;chaudiere n2;*;*
CG0;VMZ Gaz;Gaz;*;*;0;*;*;*;*;*;*;*;Company;*;*;VMZ;*;*;*~;*~;;;0;VMZ Gaz;*;*
CG06;VMZ Distrib Gaz;Gaz;CG0;VMZ Gaz;1;*;V100;*;*;VMZ;*;Reel;Site;*;*;VMZ;!~*;!~*;;;;;2;VMZ Distribution Gaz;*;*
CG01;VMZ Conso Gaz;Gaz;CG0;VMZ Gaz;1;*;*;V100;*;*;VMZ;F(CG01);Site;*;CPT0;VMZ;*;*;F~(~CG01~)~;F~(~VMZ Conso Gaz~)~;;;0;VMZ Consommation Gaz;VMZ Tonnage;*
CG1;ElMazeraa Gaz;Gaz;CG01;VMZ Conso Gaz;1;S200;M200;M200;STEG;ElMazeraa;ElMazeraa;F(CG1);Site;*;CPT1;ElMazeraa;*;*;F~(~CG1~)~;F~(~ElMazeraa Gaz~)~;;;0;ElMazeraa Gaz;ElMazraa T;*
CG021;Cogen Gaz;Gaz;CG01;VMZ Conso Gaz;1;S200;*;N200;STEG;*;Cogeneration;Reel;Site;*;*;Cogeneration;!~*;!~*;;;;;2;Cogeneration Gaz;*;*
CG02;VMZ Prod Gaz;Gaz;CG0;VMZ Gaz;1;V100;*;*;VMZ;*;*;CG022;Site;*;*;VMZ;*;*;CG022~;STEG Gaz~;;;0;VMZ Production Gaz;*;*
CG022;STEG Gaz;Gaz;CG02;VMZ Prod Gaz;1;S200;*;*;STEG;*;*;Reel;Site;*;*;STEG;!~*;!~*;;;;;2;STEG Gaz;*;*
CG03;Ecart P/C Gaz;Gaz;CG0;VMZ Gaz;1;*;*;*;*;*;*;CG02-CG01;Site;*;*;VMZ;*;*;CG02~-~CG01~;VMZ Prod Gaz~-~VMZ Conso Gaz~;;;0;Ecart Production/Consommation Gaz;*;*
CG04;Ecart P/D Gaz;Gaz;CG1;ElMazeraa Gaz;1;*;*;*;*;*;*;CG02-CG06;Site;*;*;VMZ;*;*;CG02~-~CG06~;VMZ Prod Gaz~-~VMZ Distrib Gaz~;;;0;Ecart Production/Distribution Gaz;*;*
CG05;Ecart D/C Gaz;Gaz;CG2;Dick Gaz;1;*;*;*;*;*;*;CG06-CG01;Site;*;*;VMZ;*;*;CG06~-~CG01~;VMZ Distrib Gaz~-~VMZ Conso Gaz~;;;0;Ecart Distribution/Consommation Gaz;*;*
CGC;Production;Gaz;CG1;ElMazeraa Gaz;2;S200;M200;Z100;STEG;ElMazeraa;Production;F(CGB);Type de Site;*;*;*;*;*;F~(~CGB~)~;F~(~Utilitaire~)~;;;0;Production;*;*
CGC1;UCPC Gaz;Gaz;CGC;Production;3;S200;M260;*;STEG;UCPC;*;Reel;Usine;*;CPT16;UCPC;!~*;!~*;;;;;2;UCPC Gaz;UCPC T;*
CGC2;Surgele Gaz;Gaz;CGC;Production;3;S200;M250;*;STEG;Surgele;*;Reel;Usine;*;CPT15;Surgele;!~*;!~*;;;;;2;Surgele Gaz;Surgele T;*
CGB;Utilitaire;Gaz;CG1;ElMazeraa Gaz;2;S200;M200;Z200;STEG;ElMazeraa;Utilitaire;F(CGB);Type de Site;*;*;*;*;*;F~(~CGB~)~;F~(~Utilitaire~)~;;;0;Utilitaire;*;*
CGB3;Detendeur 20-2B;Gaz;CGB;Utilitaire;3;S200;M260;M260;STEG;UCPC;UCPC;Reel;Usine;*;*;ElMazeraa;!~;!~;;;;;2;Detendeur 20bars vers 2bars;*;*
CGB4;Detend 4B-300MB;Gaz;CGB;Utilitaire;3;S200;*;*;STEG;*;*;F(CGB4);Usine;*;*;ElMazeraa;;;F~(~CGB4~)~;F~(~Detend 4B-300MB~)~;;;0;Detendeur 4bars vers 300mbars;*;*
CGB1;Chaufferie Gaz;Gaz;CGB3;Detendeur 20-2B;4;S200;MC00;MC00;STEG;Chaufferie;Chaufferie;Reel;Process;*;*;Chaufferie;!~*;!~*;;;;;2;Chaufferie Gaz;*;*
CGB2;Oxydeur;Gaz;CGB3;Detendeur 20-2B;4;S200;M310;M310;STEG;Oxydeur;Oxydeur;Reel;Process;*;*;Oxydeur;!~*;!~*;;;;;4;Oxydeur;*;*
CG2;Dick Gaz;Gaz;CG01;VMZ Conso Gaz;1;S200;D200;D200;STEG;Dick;Dick;Reel;Site;*;CPT2;Dick;!~*;!~*;;;;;2;Dick Gaz;Dick Tonnage;*
CG3;GIPA Gaz;Gaz;CG01;VMZ Conso Gaz;1;S200;G200;G200;STEG;GIPA;GIPA;Reel;Site;*;*;GIPA;!~*;!~*;;;;;2;GIPA Gaz;*;*
CF0;VMZ Froid;Froid;*;*;0;*;*;*;*;*;*;*;Company;*;*;VMZ;*;*;*~;*~;;;0;VMZ Froid;*;*
CF06;VMZ Distrib F;Froid;CF0;VMZ Froid;1;*;V100;*;*;VMZ;*;Reel;Site;*;*;VMZ;!~*;!~*;;;;;2;VMZ Distribution Froid;*;*
CF01;VMZ Conso F;Froid;CF0;VMZ Froid;1;*;*;V100;*;*;VMZ;CF1;Site;*;CPT0;VMZ;*;*;CF1~;ElMazeraa Froid~;;;0;VMZ Consommation Froid;VMZ Tonnage;*
CF1;ElMazeraa Froid;Froid;CF01;VMZ Conso F;1;*;*;M200;*;*;ElMazeraa;CEG1+CAM1;Site;*;CPT1;ElMazeraa;*;*;CEG1~+~CAM1~;ElMazeraa EG~+~ElMazeraa Am~;;;0;ElMazeraa Froid;ElMazraa T;*
CF02;VMZ Prod F;Froid;CF0;VMZ Froid;1;V100;*;*;VMZ;*;*;CF111;Site;*;*;VMZ;*;*;CF111~;Froid~;;;0;VMZ Production Froid;*;*
CF03;Ecart P/C Froid;Froid;CF0;VMZ Froid;1;*;*;*;*;*;*;CF02-CF01;Site;*;*;VMZ;*;*;CF02~-~CF01~;VMZ Prod F~-~VMZ Conso F~;;;0;Ecart Production/Consommation Froid;*;*
CF04;Ecart P/D Froid;Froid;CF1;ElMazeraa Froid;1;*;*;*;*;*;*;CF02-CF06;Site;*;*;VMZ;*;*;CF02~-~CF06~;VMZ Prod F~-~VMZ Distrib F~;;;0;Ecart Production/Distribution Froid;*;*
CF05;Ecart D/C Froid;Froid;CF0;VMZ Froid;1;*;*;*;*;*;*;CF06-CF01;Site;*;*;VMZ;*;*;CF06~-~CF01~;VMZ Distrib F~-~VMZ Conso F~;;;0;Ecart Distribution/Consommation Froid;*;*
CF12;Production;Froid;CF1;ElMazeraa Froid;2;*;*;Z100;*;*;Production;F(CF12);Type de Site;*;*;*;*;*;F~(~CF12~)~;F~(~Production~)~;;;0;Production;*;*
CF121;Abattoir Froid;Froid;CF12;Production;3;*;*;M210;*;*;Abattoir;Reel;Usine;*;CPT11;Abattoir;!~*;!~*;;;;;2;Abattoir Froid;Abattoir T;*
CF122;Charcuterie F;Froid;CF12;Production;3;*;*;M220;*;*;Charcuterie;Reel;Usine;*;CPT12;Charcuterie;!~*;!~*;;;;;2;Charcuterie Froid;Charcuterie T;*
CF123;Conserve Froid;Froid;CF12;Production;3;*;*;M230;*;*;Conserve;Reel;Usine;*;CPT13;Conserve;!~*;!~*;;;;;2;Conserve Froid;Conserve T;*
CF124;PetFood Froid;Froid;CF12;Production;3;*;*;M240;*;*;PetFood;Reel;Usine;*;CPT14;PetFood;!~*;!~*;;;;;2;PetFood Froid;PetFood T;*
CF125;Surgele Froid;Froid;CF12;Production;3;*;*;M250;*;*;Surgele;Reel;Usine;*;CPT15;Surgele;!~*;!~*;;;;;2;Surgele Froid;Surgele T;*
CF126;UCPC Froid;Froid;CF12;Production;3;*;*;M260;*;*;UCPC;Reel;Usine;*;CPT16;UCPC;!~*;!~*;;;;;2;UCPC Froid;UCPC T;*
CF11;Utilitaire;Froid;CF1;ElMazeraa Froid;2;*;*;Z200;*;*;Utilitaire;F(CF11);Type de Site;*;*;*;*;*;F~(~CF11~)~;F~(~Utilitaire~)~;;;0;Utilitaire;*;*
CF111;Froid;Froid;CF11;Utilitaire;3;*;*;MA00;*;*;Froid;CAMB1+CEGB1;Usine;*;*;Froid;*;*;CAMB1~+~CEGB1~;Froid~+~Froid~;;;0;Froid;*;*
CF1111;SMF ElMazeraa;Froid;CF111;Froid;4;*;*;M110;*;*;SMF-ElMazeraa;CAM1A+CEG1A;Process;*;*;Froid;*;*;CAM1A~+~CEG1A~;SMF ElMazeraa~+~SMF ElMazeraa~;;;0;SalleMachine Froid ElMazeraa;*;*
CF1112;SMF Ressuage3;Froid;CF111;Froid;4;*;*;M120;*;*;SMF Surgele;CEG1C;Process;*;*;Froid;*;*;CEG1C~;SMF Ressuage3~;;;0;SalleMachine Froid Ressuage3;*;*
CF1113;SMF Surgele;Froid;CF111;Froid;4;*;*;M130;*;*;SMF Ressuage3;CAM1C+CEG1B;Process;*;*;Froid;*;*;CAM1C~+~CEG1B~;SMF Surgele~+~SMF Surgele~;;;0;SalleMachine Froid Surgele;*;*
CEG0;VMZ EG;Froid (+)  Eau Glycolee;*;*;0;*;*;*;*;*;*;*;Company;Froid;*;VMZ;!~*;!~*;*~;*~;;;0;VMZ Eau Glycolee;*;*
CEG1;ElMazeraa EG;Froid (+)  Eau Glycolee;CEG0;VMZ EG;1;*;*;M200;*;*;ElMazeraa;F(CEG1);Site;Froid;CPT1;ElMazeraa;*;*;F~(~CEG1~)~;F~(~ElMazeraa EG~)~;;;0;ElMazeraa Eau Glycolee;ElMazraa T;*
CEGB;Utilitaire;Froid (+)  Eau Glycolee;CEG1;ElMazeraa EG;2;*;*;Z200;*;*;Utilitaire;F(CEGB);Type de Site;Froid;*;*;*;*;F~(~CEGB~)~;F~(~Utilitaire~)~;;;0;Utilitaire;*;*
CEGB1;Froid;Froid (+)  Eau Glycolee;CEGB;Utilitaire;3;*;*;MA00;*;*;Froid;F(CEGB1);Usine;Froid;*;Froid;*;*;F~(~CEGB1~)~;F~(~Froid~)~;;;0;Froid;*;*
CEG1A;SMF ElMazeraa;Froid (+)  Eau Glycolee;CEGB1;Froid;4;*;M110;*;*;SMF-ElMazeraa;*;F(CEG1A);Process;Froid;*;Froid;*;*;F~(~CEG1A~)~;F~(~SMF ElMazeraa~)~;;;0;SalleMachine Froid ElMazeraa;*;*
CEG1A6;SKID -16;Froid (+)  Eau Glycolee;CEG1A;SMF ElMazeraa;5;*;M110;M112;*;SMF-ElMazeraa;SKID -16;F(CEG1A6);Atelier;Froid;*;Froid;*;*;F~(~CEG1A6~)~;F~(~SKID -16~)~;;;0;SKID -16;*;*
CEG1A7;UCPC;Froid (+)  Eau Glycolee;CEG1A;SMF ElMazeraa;5;*;M110;M260;*;SMF-ElMazeraa;UCPC;F(CEG1A7);Atelier;Froid;CPT16;Froid;*;*;F~(~CEG1A7~)~;F~(~UCPC~)~;;;0;UCPC;UCPC T;*
CEG1A61;Ch+Bains saumur;Froid (+)  Eau Glycolee;CEG1A6;SKID -16;6;*;M110;M112;*;SMF-ElMazeraa;SKID -16;Reel;SubAtelier;Froid;*;Froid;!~*;!~*;;;;;2;Ch 6 -28 +32 Bains saumure;*;*
CEG1A71;Autoclave,Ch+;Froid (+)  Eau Glycolee;CEG1A7;UCPC;6;*;M110;M260;*;SMF-ElMazeraa;UCPC;Reel;SubAtelier;Froid;*;Froid;!~*;!~*;;;;;2;Autoclave,Ch+;*;*
CEG1C;SMF Ressuage3;Froid (+)  Eau Glycolee;CEGB1;Froid;4;*;M130;*;*;SMF Ressuage3;*;F(CEG1C);Process;Froid;*;Froid;*;*;F~(~CEG1C~)~;F~(~SMF Ressuage3~)~;;;0;SalleMachine Froid Ressuage3;*;*
CEG1C7;Ressuage 3;Froid (+)  Eau Glycolee;CEG1C;SMF Ressuage3;5;*;M130;M131;*;SMF Ressuage3;Ressuage 3;Reel;Atelier;Froid;*;Froid;!~*;!~*;;;;;2;Ressuage 3;*;*
CEG1C8;PetFood EG;Froid (+)  Eau Glycolee;CEG1C;SMF Ressuage3;5;*;M130;M240;*;SMF Ressuage3;PetFood;Reel;Atelier;Froid;CPT14;Froid;!~*;!~*;;;;;2;PetFood Eau Glycolee;PetFood T;*
CEG1C81;Ch+PF,Ch+MP;Froid (+)  Eau Glycolee;CEG1C;SMF Ressuage3;5;*;M130;M240;*;SMF Ressuage3;PetFood;Reel;Atelier;Froid;*;Froid;!~*;!~*;;;;;2;Ch+PF,Ch+MP;*;*
CEG1B;SMF Surgele;Froid (+)  Eau Glycolee;CEGB1;Froid;4;*;M120;*;*;SMF Surgele;*;F(CEG1B);Process;Froid;*;Froid;*;*;F~(~CEG1B~)~;F~(~SMF Surgele~)~;;;0;SalleMachine Froid Surgele;*;*
CEG1B4;Groupe EG;Froid (+)  Eau Glycolee;CEG1B;SMF Surgele;5;*;M120;M122;*;SMF Surgele;Groupe EG;CEG1B41;Atelier;Froid;*;Froid;*;*;CEG1B41~;Ch PF,Ch Prepar~;;;0;Groupe Eau Gycolee;*;*
CEG1B41;Ch PF,Ch Prepar;Froid (+)  Eau Glycolee;CEG1B;SMF Surgele;5;*;M120;M122;*;SMF Surgele;Groupe EG;Reel;Atelier;Froid;*;Froid;!~*;!~*;;;;;2;Ch Produit Fini , Ch Preparation;*;*
CAM0;VMZ Ammoniac;Froid (-)  Ammoniac;*;*;0;*;*;*;*;*;*;*;Company;Froid;*;VMZ;*;*;*~;*~;;;0;VMZ Ammoniac;*;*
CAM1;ElMazeraa Am;Froid (-)  Ammoniac;CAM0;VMZ Ammoniac;1;*;*;M200;*;*;ElMazeraa;F(CAM1);Site;Froid;CPT1;ElMazeraa;*;*;F~(~CAM1~)~;F~(~ElMazeraa Am~)~;;;0;ElMazeraa Ammoniac;ElMazraa T;*
CAMB;Utilitaire;Froid (-)  Ammoniac;CAM1;ElMazeraa Am;2;*;*;Z200;*;*;Utilitaire;F(CAMB);Type de Site;Froid;*;*;*;*;F~(~CAMB~)~;F~(~Utilitaire~)~;;;0;Utilitaire;*;*
CAMB1;Froid;Froid (-)  Ammoniac;CAMB;Utilitaire;3;*;*;*;*;*;*;F(CAMB1);Usine;Froid;*;Froid;*;*;F~(~CAMB1~)~;F~(~Froid~)~;;;0;Froid;*;*
CAM1A;SMF ElMazeraa;Froid (-)  Ammoniac;CAMB1;Froid;4;*;M110;*;*;SMF-ElMazeraa;*;F(CAM1A);Process;Froid;*;Froid;*;*;F~(~CAM1A~)~;F~(~SMF ElMazeraa~)~;;;0;SalleMachine Froid ElMazeraa;*;*
CAM1A5;SK-40_ElMazeraa;Froid (-)  Ammoniac;CAM1A;SMF ElMazeraa;5;*;M110;M111;*;SMF-ElMazeraa;SKID -40;CAM1A51;Atelier;Froid;*;Froid;*;*;CAM1A51~;Tunnels:T,Ch~;;;0;SKID -40_ElMazeraa;*;*
CAM1A51;Tunnels:T,Ch;Froid (-)  Ammoniac;CAM1A5;SK-40_ElMazeraa;6;*;M110;M111;*;SMF-ElMazeraa;SKID -40;Reel;SubAtelier;Froid;*;Froid;!~*;!~*;;;;;2;Tunnels : T1,2,3,Ch03;*;*
CAM1A3;Extension IMEF;Froid (-)  Ammoniac;CAM1A;SMF ElMazeraa;5;*;M113;*;*;Extension IMEF;*;F(CAM1A3);Atelier;Froid;*;Froid;*;*;F~(~CAM1A3~)~;F~(~Extension IMEF~)~;;;0;Extension IMEF;*;*
CAM1A33;Extension IMEF1;Froid (-)  Ammoniac;CAM1A3;Extension IMEF;6;*;M113;M115;*;Extension IMEF;Extension IMEF1;F(CAM1A33);SubAtelier;Froid;*;Froid;*;*;F~(~CAM1A33~)~;F~(~Extension IMEF1~)~;;;0;Extension IMEF1;*;*
CAM1A34;Extension IMEF2;Froid (-)  Ammoniac;CAM1A3;Extension IMEF;6;*;M113;M116;*;Extension IMEF;Extension IMEF2;F(CAM1A34);SubAtelier;Froid;*;Froid;*;*;F~(~CAM1A34~)~;F~(~Extension IMEF2~)~;;;0;Extension IMEF2;*;*
CAM1A331;IMEF1_Ch 4 -12;Froid (-)  Ammoniac;CAM1A33;Extension IMEF1;7;*;M113;M115;*;Extension IMEF;Extension IMEF1;Reel;Machine;Froid;*;Froid;!~*;!~*;;;;;2;IMEF1_Ch 4 -12;*;*
CAM1A341;IMEF2_Ch 4 -12;Froid (-)  Ammoniac;CAM1A34;Extension IMEF2;7;*;M113;M116;*;Extension IMEF;Extension IMEF2;Reel;Machine;Froid;*;Froid;!~*;!~*;;;;;2;IMEF2_Ch 4 -12;*;*
CAM1C;SMF Surgele;Froid (-)  Ammoniac;CAMB1;Froid;4;*;M120;*;*;SMF Surgele;*;F(CAM1C);Process;Froid;*;Froid;*;*;F~(~CAM1C~)~;F~(~SMF Surgele~)~;;;0;SalleMachine Froid Surgele;*;*
CAM1B3;SKID-40_Surgele;Froid (-)  Ammoniac;CAM1C;SMF Surgele;5;*;M120;M111;*;SMF Surgele;SKID -40;Reel;Atelier;Froid;*;Froid;!~*;!~*;;;;;2;SKID-40_Surgele;*;*
CAM1B31;Surgelateur GEA;Froid (-)  Ammoniac;CAM1C;SMF Surgele;7;*;M120;M111;*;SMF Surgele;SKID -40;Reel;Machine;Froid;*;Froid;!~*;!~*;;;;;2;Surgelateurs Alco GEA Ch-;*;*
CAC0;VMZ AC;Air Comprime;*;*;0;*;*;*;*;*;*;*;Company;*;*;VMZ;*;*;*~;*~;;;0;VMZ Air Comprime;*;*
CAC06;VMZ Disrtrib AC;Air Comprime;CAC0;VMZ AC;1;*;V100;*;*;VMZ;*;Reel;Site;*;*;VMZ;!~*;!~*;;;;;2;VMZ Disrtribution Air Comprime;*;*
CAC01;VMZ Conso AC;Air Comprime;CAC0;VMZ AC;1;*;*;V100;*;*;VMZ;CAC1;Site;*;CPT0;VMZ;*;*;CAC1~;ElMazeraa AC~;;;0;VMZ Consommation Air Comprime;VMZ Tonnage;*
CAC1;ElMazeraa AC;Air Comprime;CAC01;VMZ Conso AC;1;*;*;M200;*;*;ElMazeraa;F(CAC1);Site;*;CPT1;ElMazeraa;*;*;F~(~CAC1~)~;F~(~ElMazeraa AC~)~;;;0;ElMazeraa Air Comprime;ElMazraa T;*
CAC02;VMZ Prod AC;Air Comprime;CAC0;VMZ AC;1;V100;*;*;VMZ;*;*;CACB;Site;*;*;VMZ;*;*;CACB~;Utilitaire~;;;0;VMZ Production Air Comprimer;*;*
CAC03;Ecart P/C AC;Air Comprime;CAC0;VMZ AC;1;*;*;*;*;*;*;CAC02-CAC01;Site;*;*;VMZ;*;*;CAC02~-~CAC01~;VMZ Prod AC~-~VMZ Conso AC~;;;0;Ecart Production/Consommation Air Comprime;*;*
CAC04;Ecart P/D AC;Air Comprime;CAC0;VMZ AC;1;*;*;*;*;*;*;CAC02-CAC06;Site;*;*;VMZ;*;*;CAC02~-~CAC06~;VMZ Prod AC~-~VMZ Disrtrib AC~;;;0;Ecart Production/Distribution Air Comprime;*;*
CAC05;Ecart D/C AC;Air Comprime;CAC0;VMZ AC;1;*;*;*;*;*;*;CAC06-CAC01;Site;*;*;VMZ;*;*;CAC06~-~CAC01~;VMZ Disrtrib AC~-~VMZ Conso AC~;;;0;Ecart Distribution/Consommation Air Comprime;*;*
CACB;Utilitaire;Air Comprime;CAC1;ElMazeraa AC;2;*;*;Z200;*;*;Utilitaire;F(CACB);Type de Site;*;*;*;*;*;F~(~CACB~)~;F~(~Utilitaire~)~;;;0;Utilitaire;*;*
CAC1G;ChaufElMazraaAC;Air Comprime;CACB;Utilitaire;3;*;M150;*;*;ElMazeraa Chauf;*;F(CAC1G);Usine;*;*;Chaufferie;*;*;F~(~CAC1G~)~;F~(~ChaufElMazraaAC~)~;;;0;ChaufferieElMazeraa Air Comprime;*;*
CAC1GA;GA 30;Air Comprime;CAC1G;ChaufElMazraaAC;4;*;M150;*;*;ElMazeraa Chauf;*;Reel;Process;*;*;Chaufferie;!~*;!~*;;;;;2;GA 30;*;*
CAC1GB;GA 50;Air Comprime;CAC1G;ChaufElMazraaAC;4;*;M150;*;*;ElMazeraa Chauf;*;Reel;Process;*;*;Chaufferie;!~*;!~*;;;;;2;GA 50;*;*
CAC1GC;CompresKaeser;Air Comprime;CAC1G;ChaufElMazraaAC;7;*;M150;*;*;ElMazeraa Chauf;*;Reel;Machine;*;*;Chaufferie;!~*;!~*;;;;;2;Compresseur Kaeser;*;*
CAC1FA1;Equipement1;Air Comprime;CAC1G;ChaufElMazraaAC;4;*;M150;*;*;ElMazeraa Chauf;*;Reel;Process;*;*;Chaufferie;!~*;!~*;;;;;2;Equipement1;*;*
CAC1FB1;Equipement2;Air Comprime;CAC1G;ChaufElMazraaAC;4;*;M150;*;*;ElMazeraa Chauf;*;Reel;Process;*;*;Chaufferie;!~*;!~*;;;;;2;Equipement2;*;*
CAC1FC1;Equipement3;Air Comprime;CAC1G;ChaufElMazraaAC;4;*;M150;*;*;ElMazeraa Chauf;*;Reel;Process;*;*;Chaufferie;!~*;!~*;;;;;2;Equipement3;*;*
CAC1F;ChaufSurgele;Air Comprime;CACB;Utilitaire;3;M250;M140;*;Surgele;ChaufferieSurgel;*;F(CAC1F);Usine;*;*;Surgele;*;*;F~(~CAC1F~)~;F~(~ChaufSurgele~)~;;;0;Chaufferie Surgele;*;*
CAC1F3;compresseur air1;Air Comprime;CAC1F;ChaufSurgele;7;M250;M141;*;Surgele;compressuer air1;*;Reel;Machine;*;*;Surgele;!~*;!~*;;;;;2;compresseur a air 1;*;*
CAC1F6;compresseur air2;Air Comprime;CAC1F;ChaufSurgele;7;M250;M142;*;Surgele;compressuer air2;*;Reel;Machine;*;*;Surgele;!~*;!~*;;;;;2;compresseur a air 2;*;*
CAC1F31;Equipement4;Air Comprime;CAC1F;ChaufSurgele;4;M250;M145;*;Surgele;Equipement4;*;Reel;Process;*;*;Surgele;!~*;!~*;;;;;2;Equipement4;*;*
CAC1F61;Equipement5;Air Comprime;CAC1F;ChaufSurgele;4;M250;M146;*;Surgele;Equipement5;*;Reel;Process;*;*;Surgele;!~*;!~*;;;;;2;Equipement5;*;*
CE0;VMZ Eau;Eau;*;*;0;*;*;*;*;*;*;*;Company;*;*;VMZ;*;*;*~;*~;;;0;VMZ Eau;*;*
CE06;VMZ Distrib Eau;Eau;CE0;VMZ Eau;1;*;V100;*;*;VMZ;*;Reel;Site;*;*;VMZ;!~*;!~*;;;;;2;VMZ Distribution Eau;*;*
CE01;VMZ Conso Eau;Eau;CE0;VMZ Eau;1;*;*;V100;*;*;VMZ;F(CE01);Site;*;CPT0;VMZ;*;*;F~(~CE01~)~;F~(~VMZ Conso Eau~)~;;;0;VMZ Consommation Eau;VMZ Tonnage;*
CE1;ElMazeraa Eau;Eau;CE01;VMZ Conso Eau;1;*;*;M200;*;*;ElMazeraa;F(CE1);Site;*;CPT1;ElMazeraa;*;*;F~(~CE1~)~;F~(~ElMazeraa Eau~)~;;;0;ElMazeraa Eau;ElMazraa T;*
CE02;VMZ Prod Eau;Eau;CE0;VMZ Eau;1;V100;*;*;VMZ;*;*;Reel;Site;*;*;VMZ;!~*;!~*;;;;;2;VMZ Production Eau;*;*
CE03;Ecart P/C Eau;Eau;CE0;VMZ Eau;1;*;*;*;*;*;*;CE02-CE01;Site;*;*;VMZ;*;*;CE02~-~CE01~;VMZ Prod Eau~-~VMZ Conso Eau~;;;0;Ecart Production/Consommation Eau;*;*
CE04;Ecart P/D Eau;Eau;CE0;VMZ Eau;1;*;*;*;*;*;*;CE02-CE06;Site;*;*;VMZ;*;*;CE02~-~CE06~;VMZ Prod Eau~-~VMZ Distrib Eau~;;;0;Ecart Production/Distribution Eau;*;*
CE05;Ecart D/C Eau;Eau;CE0;VMZ Eau;1;*;*;*;*;*;*;CE06-CE01;Site;*;*;VMZ;*;*;CE06~-~CE01~;VMZ Distrib Eau~-~VMZ Conso Eau~;;;0;Ecart Distribution/Consommation Eau;*;*
CEA;Production;Eau;CE1;ElMazeraa Eau;2;*;*;Z100;*;*;Production;F(CEA);Type de Site;*;*;*;*;*;F~(~CEA~)~;F~(~Production~)~;;;0;Production;*;*
CEA11;Abattage Eau;Eau;CEA1;Abattoir Eau;5;*;*;M213;*;*;Abattage;CEB14+CES16+CET16;Atelier;*;*;Abattoir;Zenner:D;D2:80:5010:1:1;CEB14~+~CES16~+~CET16~;CB13_ABATTAGE~+~CS15_conserve ~+~CT20_abattage~;;;0;Abattage Eau;*;*
CEA12;Decoupe Eau;Eau;CEA1;Abattoir Eau;5;*;*;M217;*;*;Decoupe;CEB15+CETA11;Atelier;*;*;Abattoir;*;*;CEB15~+~CETA11~;Decoupe EB~+~Decoupe ET~;;;0;Decoupe Eau;*;*
CEA2;PetFood Eau;Eau;CEA;Production;3;*;*;M240;*;*;PetFood;CEB127+CET1V+CES1E;Usine;*;CPT14;PetFood;*;*;CEB127~+~CET1V~+~CES1E~;CB48_hydro-Net~+~CT30_B-marie-C~+~CS9_pet food~;;;0;PetFood Eau;PetFood T;*
CEA3;Charcuterie Eau;Eau;CEA;Production;3;*;*;M220;*;*;Charcuterie;CEB12A+CETA2;Usine;*;CPT12;Charcuterie;*;*;CEB12A~+~CETA2~;CB47_A-Condens~+~CT12_Bain Marie~;;;0;Charcuterie Eau;Charcuterie T;*
CEA4;UCPC Eau;Eau;CEA;Production;3;*;*;M260;*;*;UCPC;CEB13+CES15+CET1I;Usine;*;CPT16;UCPC;*;*;CEB13~+~CES15~+~CET1I~;CB12_UCPC ~+~CS14_UCPC ~+~CT33_UCPC_Comble~;;;0;UCPC Eau;UCPC T;*
CEA5;Surgele Eau;Eau;CEA;Production;3;*;*;M250;*;*;Surgele;CEB16+CES11+CETA5;Usine;*;CPT15;Surgele;*;*;CEB16~+~CES11~+~CETA5~;Surgele~+~CS10_surgelee ~+~CT8_Surgele~;;;0;Surgele Eau;Surgele T;*
CEA8;Conserve Eau;Eau;CEA;Production;3;*;*;M230;*;*;Conserve;CEB14+CES16+CET1F;Usine;*;CPT13;Conserve;*;*;CEB14~+~CES16~+~CET1F~;CB13_ABATTAGE~+~CS15_conserve ~+~CT29_AUTOCLAVE~;;;0;Conserve Eau;Conserve T;*
CEB;Utilitaire;Eau;CE1;ElMazeraa Eau;2;*;*;Z200;*;*;Utilitaire;CETB;Type de Site;*;*;*;*;*;CETB~;Utilitaire~;;;0;Utilitaire;*;*
CEA9;Chaufferies Eau;Eau;CEB;Utilitaire;3;*;*;MC00;*;*;Chaufferie;CET1P;Usine;*;*;Chaufferie;*;*;CET1P~;CT15_Chaudieres~;;;0;Chaufferies Eau;*;*
CED;Froid Eau;Eau;CEB;Utilitaire;3;*;*;MA00;*;*;Froid;F(CED);Usine;*;*;Froid;*;*;F~(~CED~)~;F~(~Froid Eau~)~;;;0;Froid Eau;*;*
CED1;Cond ress3_Petf;Eau;CED;Froid Eau;4;*;*;M1T0;*;*;Condenseur;CET1M1+CET1M2;Process;*;*;Condenseur ressuage N3_Petfood;*;*;CET1M1~+~CET1M2~;CT37_Condens Res3+Pf~+~CT38_Condens Res3+Pf~;;;0;Condenseur ressuage N3_Petfood;*;*
CED2;Condenseur;Eau;CED;Froid Eau;4;*;*;M1T0;*;*;Condenseur;CEBAA11+CET036;Process;*;*;Condenseur;*;*;CEBAA11~+~CET036~;Condenseur~+~CT7_Condenseur~;;;0;Condenseur;*;*
CEC;Facility Eau;Eau;CE1;ElMazeraa Eau;2;*;*;Z400;*;*;Admin + Facility;F(CEC);Type de Site;*;*;*;*;*;F~(~CEC~)~;F~(~Facility Eau~)~;;;1;Facility Eau;*;*
CEC1;Admin Eau;Eau;CEC;Facility Eau;3;*;*;M270;*;*;Administration;CEB121+CES1C;Usine;*;*;Administration;*;*;CEB121~+~CES1C~;CB40_Admin~+~CS7_admin~;;;0;Administration Eau;*;*
CEC2;Refectoire Eau;Eau;CEC;Facility Eau;3;*;*;M290;*;*;Refectoire;CEB1D1+CES1B;Usine;*;*;Refectoires;*;*;CEB1D1~+~CES1B~;CB14_Vest+Refect~+~CS6_refectoire ~;;;0;Refectoire Eau;*;*
CEC3;Magasin Eau;Eau;CEC;Facility Eau;3;*;*;M280;*;*;Magasin;CEB15+CES1A;Usine;*;*;Magasin;*;*;CEB15~+~CES1A~;Decoupe EB~+~CS5_CHARCUTERIE ~;;;0;Magasin Eau;*;*
CE2;Dick Eau;Eau;CE01;VMZ Conso Eau;1;*;*;D200;*;*;Dick;CEB2+CES2+CET3;Site;*;CPT2;Dick;*;*;CEB2~+~CES2~+~CET3~;CB4_Dick EB~+~Dick Eau Sonede~+~Dick Eau Traite~;;;0;Dick Eau;Dick Tonnage;*
CE3;CoProduit Eau;Eau;CE01;VMZ Conso Eau;1;*;*;C200;*;*;CoProduit;CET13+CEB15+CES1F;Site;*;CPT3;CoProduit;*;*;CET13~+~CEB15~+~CES1F~;CT17_Coproduit~+~Decoupe EB~+~CS8_Coproduit~;;;0;CoProduit Eau;CoProduit T;*
CE4;GIPA Eau;Eau;CE01;VMZ Conso Eau;1;*;*;G200;*;*;GIPA;CEB4+CET2;Site;*;*;GIPA;*;*;CEB4~+~CET2~;GIPA Eau Brute~+~GIPA Eau Traite~;;;0;GIPA Eau;*;*
CE5;Cogen Eau;Eau;CE01;VMZ Conso Eau;1;*;*;N200;*;*;Cogeneration;CET034;Site;*;*;Cogeneration;*;*;CET034~;CT9_Cogeneration~;;;0;Cogeneration Eau;*;*
CE6;PAF Eau;Eau;CE01;VMZ Conso Eau;1;*;*;V110;*;*;PAF;CET035;Site;*;*;PAF;*;*;CET035~;CT10_PAF~;;;0;PAF Eau;*;*
CEB5;VMZ Eau Brute;Eau Brute;*;*;0;*;*;*;*;*;*;*;Company;Eau;*;VMZ;*;*;*~;*~;;;0;VMZ Eau Brute;*;*
CEBE;E-Collect B1000;Eau Brute;CEB5;VMZ Eau Brute;1;*;*;*;*;*;*;CEF1B+ CEBI+3000;Site;Eau;*;VMZ;*;*;CEF1B~+~CEBI~+~#3000~;CF10_ElysseB1000~+~CB21_Filtre~+~#3000~;;;0;Entrer Collecteur B1000;*;*
CEBF;S-B2000;Eau Brute;CEB5;VMZ Eau Brute;1;*;*;M1C0;*;*;SalleOsmose;CEF1A;Site;Eau;*;VMZ;*;*;CEF1A~;CF9_ElysseB2000~;;;0;Sortie B2000 vers Osmose;*;*
CEBG;Sortie B500;Eau Brute;CEB5;VMZ Eau Brute;1;*;*;*;*;*;*;CEBJ - (CEB1+CEB6);Site;Eau;*;VMZ;*;*;CEBJ~-~(~CEB1~+~CEB6~)~;CB1_depanage~-~(~CB8_ElMazraa~+~CB9_RIA Dick~)~;;;0;Sortie B500;*;*
CEBK;S-Collect B1000;Eau Brute;CEB5;VMZ Eau Brute;1;*;V100;*;*;VMZ;*;Reel;Site;Eau;*;VMZ;!~*;!~*;;;;;2;Sortie Collecteur B1000;*;*
CEBH;Ecart P/C EB;Eau Brute;CEB5;VMZ Eau Brute;1;*;*;*;*;*;*;CEBE-CEB10;Site;Eau;*;VMZ;*;*;CEBE~-~CEB10~;E-Collect B1000~-~CB_GeneralB1000~;;;0;Ecart Production/Consommation Eau Brute;*;*
CEBL;Ecart P/D EB;Eau Brute;CEB5;VMZ Eau Brute;1;*;*;*;*;*;*;CEBE-CEBK;Site;Eau;*;VMZ;*;*;CEBE~-~CEBK~;E-Collect B1000~-~S-Collect B1000~;;;0;Ecart Production/Distribution Eau Brute;*;*
CEBM;Ecart D/C EB;Eau Brute;CEB5;VMZ Eau Brute;1;*;*;*;*;*;*;CEBK-CEB10;Site;Eau;*;VMZ;*;*;CEBK~-~CEB10~;S-Collect B1000~-~CB_GeneralB1000~;;;0;Ecart Distribution/Consommation Eau Brute;*;*
CEBI;CB21_Filtre;Eau Brute;CEBF;S-B2000;1;*;M1C0;M1V1;*;SalleOsmose;Bassin1000;Reel;Site;Eau;*;VMZ;!~*;!~*;;;;;2;CB21_Filtre a sable;*;*
CEBJ;CB1_depanage;Eau Brute;CEBG;Sortie B500;1;*;M1V4;M200;*;Bassin500;ElMazeraa;Reel;Site;Eau;*;ElMazeraa;!~*;!~*;;;;;2;CB1_ ElMazraa depanage;*;*
CEB6;CB9_RIA Dick;Eau Brute;CEBG;Sortie B500;1;*;M1V4;V100;*;Bassin500;VMZ;Reel;Site;Eau;*;VMZ;!~*;!~*;;;;;2;CB9_RIA Dick;*;*
CEB0;CBR_collect RIA;Eau Brute;CEB5;VMZ Eau Brute;1;*;*;V100;*;*;VMZ;Reel;Site;Eau;*;VMZ;!~*;D1:80:5001:1:4;;;;;2;CBR_collecteur RIA vers VMZ;*;*
CEB10;CB_GeneralB1000;Eau Brute;CEB5;VMZ Eau Brute;2;*;M1V1;M200;*;Bassin1000;ElMazeraa;CEB1+CEB2;Type de Site;Eau;CPT0;ElMazeraa;*;*;CEB1~+~CEB2~;CB8_ElMazraa~+~CB4_Dick EB~;;;0;CB_General Eau Brute B1000;VMZ Tonnage;*
CEB1;CB8_ElMazraa;Eau Brute;CEB10;CB_GeneralB1000;1;*;M1V1;M200;*;Bassin1000;ElMazeraa;F(CEB1);Site;Eau;CPT1;ElMazeraa;*;*;F~(~CEB1~)~;F~(~CB8_ElMazraa~)~;;;0;CB8_ElMazraa;ElMazraa T;*
CEBAA;Utilitaire;Eau Brute;CEB1;CB8_ElMazraa;2;*;M1V1;Z200;*;Bassin1000;Utilitaire;CEBAA1;Type de Site;Eau;*;*;*;*;CEBAA1~;Froid Eau Brute~;;;0;Utilitaire;*;*
CEBA;Production;Eau Brute;CEB1;CB8_ElMazraa;2;*;M1V1;Z100;*;Bassin1000;Production;F(CEBA);Type de Site;Eau;*;*;*;*;F~(~CEBA~)~;F~(~Production~)~;;;0;Production;*;*
CEB11;CB10_PETFOOD;Eau Brute;CEBA;Production;3;*;M1V1;M240;*;Bassin1000;PetFood;Reel;Usine;Eau;CPT14;PetFood;!~*;D1:80:5003:1:4;;;;;2;CB10_PETFOOD;PetFood T;*
CEB16;Surgele;Eau Brute;CEBA;Production;3;*;M1V1;M250;*;Bassin1000;Surgele;CEB125+CEB124;Usine;Eau;CPT15;Surgele;*;*;CEB125~+~CEB124~;CB37_RNetSurg2~+~CB36_RNetSurg1~;;;0;Surgele;Surgele T;*
CEB12;CB11_CHARCUT;Eau Brute;CEBA;Production;3;*;M1V1;*;*;Bassin1000;*;F(CEB12);Usine;Eau;CPT12;Charcuterie;*;*;F~(~CEB12~)~;F~(~CB11_CHARCUT~)~;;;0;CB11_CHARCUTERIE ;Charcuterie T;*
CEB121;CB40_Admin;Eau Brute;CEB12;CB11_CHARCUT;4;*;M1V1;M270;*;Bassin1000;Administration;Reel;Process;Eau;*;Charcuterie;!~*;!~*;;;;;2;CB40_Administration ;*;*
CEB125;CB37_RNetSurg2;Eau Brute;CEB12;CB11_CHARCUT;7;*;M1V1;M25O;*;Bassin1000;Net-Surgele 2;Reel;Machine;Eau;*;Surgele;!~*;!~*;;;;;2;CB37_R Nettoyage Surgele 2;*;*
CEB124;CB36_RNetSurg1;Eau Brute;CEB12;CB11_CHARCUT;7;*;M1V1;M25P;*;Bassin1000;Net-Surgele 1;Reel;Machine;Eau;*;Surgele;!~*;!~*;;;;;2;CB36_R Nettoyage Surgele 1;*;*
CEB123;CB17_LAVAGE-HP ;Eau Brute;CEB12;CB11_CHARCUT;4;*;M1V1;M213;*;Bassin1000;Abattage;CEB142;Process;Eau;*;Abattoir;*;*;CEB142~;CB18_WC Abat~;;;0;CB17_LAVAGE-HP ;*;*
CEB142;CB18_WC Abat;Eau Brute;CEB123;CB17_LAVAGE-HP ;5;*;M1V1;M213;*;Bassin1000;Abattage;Reel;Atelier;Eau;*;Abattoir;!~*;!~*;;;;;2;CB18_ Toilette Abattage ;*;*
CEB13;CB12_UCPC ;Eau Brute;CEBA;Production;3;*;M1V1;M260;*;Bassin1000;UCPC;CEB131;Usine;Eau;CPT16;UCPC;*;*;CEB131~;CB39_WC UCPC~;;;0;CB12_UCPC ;UCPC T;*
CEB131;CB39_WC UCPC;Eau Brute;CEB13;CB12_UCPC ;4;*;M1V1;M264;*;Bassin1000;vestier UCPC;Reel;Process;Eau;*;UCPC;!~*;!~*;;;;;2;CB39_Toilette UCPC;*;*
CEBA1;Abattoir EB;Eau Brute;CEBA;Production;3;*;M1V1;M210;*;Bassin1000;Abattoir;F(CEBA1);Usine;Eau;CPT11;Abattoir;*;*;F~(~CEBA1~)~;F~(~Abattoir EB~)~;;;0;Abattoir Eau Brute;Abattoir T;*
CEB14;CB13_ABATTAGE;Eau Brute;CEBA1;Abattoir EB;4;*;M1V1;M213;*;Bassin1000;Abattage;CEB127;Process;Eau;*;Abattoir;*;*;CEB127~;CB48_hydro-Net~;;;0;CB13_ABATTAGE;*;*
CEB127;CB48_hydro-Net;Eau Brute;CEB12;CB11_CHARCUT;4;*;M1V1;M21H;*;Bassin1000;Hydro nettoyeur;F(CEB127);Process;Eau;*;Abattoir;*;*;F~(~CEB127~)~;F~(~CB48_hydro-Net~)~;;;0;CB48_hydro nettoyeur;*;*
CEB15;Decoupe EB;Eau Brute;CEBA1;Abattoir EB;4;*;M1V1;M217;*;Bassin1000;Decoupe;Reel;Process;Eau;*;Abattoir;!~*;!~*;;;;;2;Decoupe Eau Brute;*;*
CEB2A;PetFood EB;Eau Brute;CEB127;CB48_hydro-Net;5;*;M1V1;M244;*;Bassin1000;EB-PetFood;Reel;Atelier;Eau;*;PetFood;!~*;!~*;;;;;2;PetFood Eau Brute;*;*
CEB2A1;CB38_vestier PF;Eau Brute;CEB127;CB48_hydro-Net;6;*;M1V1;M245;*;Bassin1000;vestier-PetFood;Reel;SubAtelier;Eau;*;PetFood;!~*;!~*;;;;;2;CB38_vestiere PetFood;*;*
CEB144;CB45_Station P;Eau Brute;CEB127;CB48_hydro-Net;6;*;M1V1;M246;*;Bassin1000;Station Primere;Reel;SubAtelier;Eau;*;PetFood;!~*;!~*;;;;;2;CB45_Station Primere;*;*
CEBAA1;Froid Eau Brute;Eau Brute;CEBAA;Utilitaire;3;*;M1V1;MA00;*;Bassin1000;Froid;CEBAA11;Usine;Eau;*;Froid;*;*;CEBAA11~;Condenseur~;;;0;Froid Eau Brute;*;*
CEBAA11;Condenseur;Eau Brute;CEBAA1;Froid Eau Brute;4;*;M1V1;M1T0;*;Bassin1000;Condenseur;CEB126;Process;Eau;*;Froid;*;*;CEB126~;CB47_A-Condens~;;;0;Condenseur;*;*
CEB126;CB47_A-Condens;Eau Brute;CEB127;CB48_hydro-Net;7;*;M1V1;M1T0;*;Bassin1000;Condenseur;Reel;Machine;Eau;*;Condenseur;!~*;!~*;;;;;2;CB47_Appoint Condenseur;*;*
CEB145;CB46_Station R-D;Eau Brute;CEB144;CB45_Station P;4;*;M1V1;D200;*;Bassin1000;Dick;Reel;Process;Eau;*;Dick;!~*;!~*;;;;;2;CB46_Station relais dick;*;*
CEB12A;CB47_A-Condens;Eau Brute;CEB14;CB13_ABATTAGE;7;*;M1V1;M22E;*;Bassin1000;A-Condenseur;Reel;Machine;Eau;*;Charcuterie;!~*;!~*;;;;;2;CB47_Appoint Condenseur;*;*
CEB141;CB42_Echaudoire;Eau Brute;CEB14;CB13_ABATTAGE;7;*;M1V1;M213;*;Bassin1000;Abattage;Reel;Machine;Eau;*;Abattoir;!~*;!~*;;;;;2;CB42_Echaudoire;*;*
CEBB;Facility EB;Eau Brute;CEB1;CB8_ElMazraa;2;*;M1V1;Z400;*;Bassin1000;Admin + Facility;F(CEBB);Type de Site;Eau;*;*;*;*;F~(~CEBB~)~;F~(~Facility EB~)~;;;1;Facility Eau Brute;*;*
CEB1D;Refectoire EB;Eau Brute;CEBB;Facility EB;3;*;M1V1;M290;*;Bassin1000;Refectoire;F(CEB1D);Usine;Eau;*;Refectoires;*;*;F~(~CEB1D~)~;F~(~Refectoire EB~)~;;;0;Refectoire Eau Brute;*;*
CEB1D1;CB14_Vest+Refect;Eau Brute;CEB1D;Refectoire EB;4;*;M1V1;M290;*;Bassin1000;Refectoire;Reel;Process;Eau;*;Refectoires;!~*;!~*;;;;;2;CB14_Vestiaire-et-Refectoire ;*;*
CEB1D2;CB15_G-WC;Eau Brute;CEB1D;Refectoire EB;4;*;M1V1;M217;*;Bassin1000;Decoupe;Reel;Process;Eau;*;Refectoires;!~*;!~*;;;;;2;CB15_GENERAL-TOILETTE-Decoupe+Charcuterie+UCPC;*;*
CEB3;Dick Eau Brute;Eau Brute;CEBB;Facility EB;3;*;M1V1;D200;*;Bassin1000;Dick;F(CEB3);Usine;Eau;*;Dick;*;*;F~(~CEB3~)~;F~(~Dick Eau Brute~)~;;;0;Dick Eau Brute;*;*
CEB21;CB15_G-WC;Eau Brute;CEB3;Dick Eau Brute;4;*;M1V1;D200;*;Bassin1000;Dick;F(CEB21);Process;Eau;*;Dick;*;*;F~(~CEB21~)~;F~(~CB15_G-WC~)~;;;0;CB15_GENERAL-TOILETTE-Decoupe+Charcuterie+UCPC ;*;*
CEB143;CB51_WC-Dec;Eau Brute;CEB21;CB15_G-WC;5;*;M1V1;M217;*;Bassin1000;Decoupe;Reel;Atelier;Eau;*;Abattoir;!~*;!~*;;;;;2;CB51_GENERAL-TOILETTE-Decoupe+Charcuterie+UCPC ;*;*
CEB211;CB19_WC-char;Eau Brute;CEB21;CB15_G-WC;5;*;M1V1;D200;*;Bassin1000;Dick;Reel;Atelier;Eau;*;Dick;!~*;!~*;;;;;2;CB19_GENERAL-TOILETTE-Decoupe+Charcuterie+UCPC ;*;*
CEB22;CB20_LAV-CAMION ;Eau Brute;CEB3;Dick Eau Brute;4;*;M1V1;D200;*;Bassin1000;Dick;Reel;Process;Eau;*;Dick;!~*;!~*;;;;;2;CB20_LAVAGE-CAMION ;*;*
CEB23;CB21_VEST-COP;Eau Brute;CEB3;Dick Eau Brute;4;*;M1V1;D200;*;Bassin1000;Dick;Reel;Process;Eau;*;Dick;!~*;!~*;;;;;2;CB21_VESTIAIRE-CO-PRODUIT ;*;*
CEB24;CB44_IRRIGA-COP;Eau Brute;CEB3;Dick Eau Brute;4;*;M1V1;D200;*;Bassin1000;Dick;Reel;Process;Eau;*;Dick;!~*;!~*;;;;;2;CB44_IRRIGATION-CO-PRODUIT ;*;*
CEB1A;CB16_Coproduit;Eau Brute;CEBA;Production;3;*;M1V1;C200;*;Bassin1000;CoProduit;F(CEB1A);Usine;Eau;*;CoProduit;*;*;F~(~CEB1A~)~;F~(~CB16_Coproduit~)~;;;0;CB16_Coproduit;*;*
CEB32;CB50_Admin COP;Eau Brute;CEB1A;CB16_Coproduit;4;*;M1V1;M152C;*;Bassin1000;Administration coproduit;Reel;Process;Eau;*;CoProduit;!~*;!~*;;;;;3;CB50_Admin Cooproduit;*;*
CEB31;CB49_Lav-Hp COP;Eau Brute;CEB1A;CB16_Coproduit;4;*;M1V1;M152D;*;Bassin1000;COP-Lavage;Reel;Process;Eau;*;CoProduit;!~*;!~*;;;;;2;CB49_Lavage Hp Cooproduit;*;*
CEB2;CB4_Dick EB;Eau Brute;CEB10;CB_GeneralB1000;1;*;M1V1;D200;*;Bassin1000;Dick;Reel;Site;Eau;CPT2;Dick;!~*;D1:80:5002:1:4;;;;;2;CB4_Dick Eau Brute;Dick Tonnage;*
CEBC;Facility Dick;Eau Brute;CEB2;CB4_Dick EB;2;*;M1V1;Z400;*;Bassin1000;Admin + Facility;CEB25M+CEB25D+CEB25E;Type de Site;Eau;*;*;*;*;CEB25M~+~CEB25D~+~CEB25E~;C53_AdminWC COP~+~C31_WC-froid ~+~C27_vestiaire~;;;1;Admin + Facility Dick;*;*
CEBD;Prod EB Dick;Eau Brute;CEB2;CB4_Dick EB;2;*;M1V1;Z100;*;Bassin1000;Production;CEB25;Type de Site;Eau;*;*;*;*;CEB25~;CB4-1_Collecteur~;;;0;Production Eau Brute Dick;*;*
CEB25;CB4-1_Collecteur;Eau Brute;CEBD;Prod EB Dick;3;*;M1V1;D200;*;Bassin1000;Dick;F(CEB25);Usine;Eau;*;Dick;*;*;F~(~CEB25~)~;F~(~CB4-1_Collecteur~)~;;;0;CB4-1_ Collecteur Brute  Dick;*;*
CEB251;CB16_PROCES;Eau Brute;CEB25;CB4-1_Collecteur;4;*;M1V1;D200;*;Bassin1000;Dick;F(CEB251);Process;Eau;*;Dick;*;*;F~(~CEB251~)~;F~(~CB16_PROCES~)~;;;0;CB16_PROCES;*;*
CEB25H;C1_Lav-cage1+2;Eau Brute;CEB251;CB16_PROCES;7;*;M1V1;D200;*;Bassin1000;Dick;Reel;Machine;Eau;*;Dick;!~*;!~*;;;;;2;C1_Laveuse-cage1 et 2;*;*
CEB25I;C32_Electo-AN;Eau Brute;CEB251;CB16_PROCES;7;*;M1V1;D200;*;Bassin1000;Dick;Reel;Machine;Eau;*;Dick;!~*;!~*;;;;;2;C32_Electo-anesthesi;*;*
CEB25J;C2_plumaison;Eau Brute;CEB251;CB16_PROCES;7;*;M1V1;D200;*;Bassin1000;Dick;Reel;Machine;Eau;*;Dick;!~*;!~*;;;;;2;C2_ plumaison Finisseuse+plumeuse4;*;*
CEB25K;C6_ECHAUDOIR1 ;Eau Brute;CEB251;CB16_PROCES;7;*;M1V1;D200;*;Bassin1000;Dick;Reel;Machine;Eau;*;Dick;!~;!~;;;;;2;C6_ECHAUDOIR1 ;*;*
CEB25L;C7_ECHAUDOIR2 ;Eau Brute;CEB251;CB16_PROCES;7;*;M1V1;D200;*;Bassin1000;Dick;Reel;Machine;Eau;*;Dick;!~;!~;;;;;2;C7_ECHAUDOIR2 ;*;*
CEB25M;C53_AdminWC COP;Eau Brute;CEB251;CB16_PROCES;5;*;M1V1;D200;*;Bassin1000;Dick;Reel;Atelier;Eau;*;Dick;!~;!~;;;;;2;C53_Administation toilettes Co-Produit;*;*
CEB252;CB49_LAV-HP ;Eau Brute;CEB25;CB4-1_Collecteur;4;*;M1V1;D200;*;Bassin1000;Dick;Reel;Process;Eau;*;Dick;!~;!~;;;;;2;CB49_LAVAGE-HP ;*;*
CEB253;CB18_SANIT-ECEF ;Eau Brute;CEB25;CB4-1_Collecteur;4;*;M1V1;D200;*;Bassin1000;Dick;F(CEB253);Process;Eau;*;Dick;;;F~(~CEB253~)~;F~(~CB18_SANIT-ECEF ~)~;;;0;CB18_SANITAIRE-EC+EF ;*;*
CEB25A;C3_PLUMEUSE1 ;Eau Brute;CEB253;CB18_SANIT-ECEF ;7;*;M1V1;D200;*;Bassin1000;Dick;Reel;Machine;Eau;*;Dick;!~;!~;;;;;2;C3_PLUMEUSE1 ;*;*
CEB25B;C4_PLUMEUSE2 ;Eau Brute;CEB253;CB18_SANIT-ECEF ;7;*;M1V1;D200;*;Bassin1000;Dick;Reel;Machine;Eau;*;Dick;!~;!~;;;;;2;C4_PLUMEUSE2 ;*;*
CEB25C;C5_PLUMEUSE3 ;Eau Brute;CEB253;CB18_SANIT-ECEF ;7;*;M1V1;D200;*;Bassin1000;Dick;Reel;Machine;Eau;*;Dick;!~;!~;;;;;2;C5_PLUMEUSE3 ;*;*
CEB25D;C31_WC-froid ;Eau Brute;CEB253;CB18_SANIT-ECEF ;5;*;M1V1;D200;*;Bassin1000;Dick;Reel;Atelier;Eau;*;Dick;!~;!~;;;;;2;C31_ Toilettes lavabos douche froid ;*;*
CEB25E;C27_vestiaire;Eau Brute;CEB253;CB18_SANIT-ECEF ;5;*;M1V1;D200;*;Bassin1000;Dick;Reel;Atelier;Eau;*;Dick;!~;!~;;;;;2;C27_ vestiaire Douches eau chaud ;*;*
CEB25F;C66_A-echaudoir;Eau Brute;CEB253;CB18_SANIT-ECEF ;5;*;M1V1;D200;*;Bassin1000;Dick;Reel;Atelier;Eau;*;Dick;!~;!~;;;;;2;C66_A-point -echaudoire1-Eau-chaude ;*;*
CEB25G;C77_A-echaudoir               ;Eau Brute;CEB253;CB18_SANIT-ECEF ;5;*;M1V1;D200;*;Bassin1000;Dick;Reel;Atelier;Eau;*;Dick;!~;!~;;;;;2;C77_A-point -echaudoire2-Eau-chaude               ;*;*
CEB254;CB33_SANIT-EF ;Eau Brute;CEB25;CB4-1_Collecteur;4;*;M1V1;D200;*;Bassin1000;Dick;Reel;Process;Eau;*;Dick;!~;!~;;;;;2;CB33_SANITAIRE-EF ;*;*
CEB255;CB34_SANIT-EC ;Eau Brute;CEB25;CB4-1_Collecteur;4;*;M1V1;D200;*;Bassin1000;Dick;Reel;Process;Eau;*;Dick;!~;!~;;;;;2;CB34_SANITAIRE-EC ;*;*
CEB256;CB35_SANIT-ADM;Eau Brute;CEB25;CB4-1_Collecteur;4;*;M1V1;D200;*;Bassin1000;Dick;Reel;Process;Eau;*;Dick;!~;!~;;;;;2;CB35_SANITAIRE-ADMINISTRATION ;*;*
CEB26;S-Releve Dick;Eau Brute;CEB25;CB4-1_Collecteur;4;*;M1V1;D200;*;Bassin1000;Dick;Reel;Process;Eau;*;Dick;!~;!~;;;;;2;Station Releve Dick;*;*
CEB4;GIPA Eau Brute;Eau Brute;CEB0;CBR_collect RIA;1;*;M1V1;G200;*;Bassin1000;GIPA;Reel;Site;Eau;*;Gipa;!~;!~;;;;;2;GIPA Eau Brute;*;*
CEF1C;G-Forage VMZ;Eau Forage;*;*;0;*;*;*;*;*;*;*;Company;Eau;CPT0;VMZ;;;*~;*~;;;0;General Forage VMZ;VMZ Tonnage;*
CEF1C1;CF1_NF-B2000;Eau Forage;CEF1A;CF9_ElysseB2000;4;M1O0;*;M1V2;Nouveau Forage;*;Bassin2000;Reel;Process;Eau;*;Zone Haute;!~;!~;;;;;2;CF1_Nouveau Forage vers B2000;*;*
CEF1C2;CF7_NF-B1000;Eau Forage;CEF1A;CF9_ElysseB2000;4;M1O0;*;M1V1;Nouveau Forage;*;Bassin1000;Reel;Process;Eau;*;Zone Haute;!~;!~;;;;;2;CF7_Nouveau Forage vers B1000;*;*
CEF1C3;CF3_Forage Haut;Eau Forage;CEF1A;CF9_ElysseB2000;4;M1K0;*;M1V2;Sondage Haut;*;Bassin2000;Reel;Process;Eau;*;Zone Haute;!~;!~;;;;;2;CF3_Forage Haut;*;*
CEF1A;CF9_ElysseB2000;Eau Forage;CEF1C3;CF3_Forage Haut;7;*;*;M1V2;*;*;Bassin2000;CEF1C3+CEF1C1+CEF1C4+CEF19;Machine;Eau;*;Zone Haute;;;CEF1C3~+~CEF1C1~+~CEF1C4~+~CEF19~;CF3_Forage Haut~+~CF1_NF-B2000~+~CF4_Forage Bas~+~CF8_D80 ~;;;0;CF9_Elysse vers B2000;*;*
CEF1B;CF10_ElysseB1000;Eau Forage;CEF1C3;CF3_Forage Haut;7;*;*;M1V1;*;*;Bassin1000;CEF1C2+CEF16+CEF17;Machine;Eau;*;Zone Haute;;;CEF1C2~+~CEF16~+~CEF17~;CF7_NF-B1000~+~CF5_D80-B1000~+~CF6_Rayhane~;;;0;CF10_Elysse vers B1000;*;*
CEF1C4;CF4_Forage Bas;Eau Forage;CEF1A;CF9_ElysseB2000;4;M1L0;*;M1V2;Sondage Bas;*;Bassin2000;Reel;Process;Eau;*;Zone Haute;!~;!~;;;;;2;CF4_Forage Bas;*;*
CEF13;CF2_Jenene ;Eau Forage;CEF1C;G-Forage VMZ;7;M1J0;*;*;Jenene;*;*;Reel;Machine;Eau;*;Zone Haute;!~;!~;;;;;2;CF2_Jenene ;*;*
CEF16;CF5_D80-B1000;Eau Forage;CEF1C;G-Forage VMZ;7;M1P0;*;M1V1;Sondage D80 ;*;Bassin1000;Reel;Machine;Eau;*;Zone Haute;!~;!~;;;;;2;CF5_D80 vers 1000 M3;*;*
CEF17;CF6_Rayhane;Eau Forage;CEF1C;G-Forage VMZ;7;M1N0;*;M1V1;Rayhane;*;Bassin1000;Reel;Machine;Eau;*;Zone Haute;!~;!~;;;;;2;CF6_Rayhane;*;*
CEF19;CF8_D80 ;Eau Forage;CEF1C;G-Forage VMZ;7;M1P0;*;M1V2;Sondage D80 ;*;Bassin2000;Reel;Machine;Eau;*;Zone Haute;!~;!~;;;;;2;CF8_D80 ;*;*
CES0;VMZ Eau Sonede;Eau Sonede;*;*;0;*;*;*;*;*;*;*;Company;Eau;*;VMZ;;;*~;*~;;;0;VMZ Eau Sonede;*;*
CES06;VMZ Distrib ES;Eau Sonede;CES0;VMZ Eau Sonede;1;*;V100;*;*;VMZ;*;Reel;Site;Eau;*;VMZ;!~;!~;;;;;2;VMZ  Distribution Eau Sonede;*;*
CES01;VMZ Conso ES;Eau Sonede;CES0;VMZ Eau Sonede;1;*;*;V100;*;*;VMZ;F(CES01);Site;Eau;CPT0;VMZ;;;F~(~CES01~)~;F~(~VMZ Conso ES~)~;;;0;VMZ Consommation Eau Sonede;VMZ Tonnage;*
CES1;CS1_SONEDE;Eau Sonede;CES01;VMZ Conso ES;1;M1S0;*;M200;SONEDE;*;ElMazeraa;F(CES1);Site;Eau;CPT1;ElMazeraa;;;F~(~CES1~)~;F~(~CS1_SONEDE~)~;;;1;CS1_SONEDE ELMAZRAA;ElMazraa T;*
CES02;VMZ Prod ES;Eau Sonede;CES0;VMZ Eau Sonede;1;V100;*;*;VMZ;*;*;CES021;Site;Eau;*;VMZ;;;CES021~;SONEDE~;;;0;VMZ Production Eau Sonede;*;*
CES021;SONEDE;Eau Sonede;CES02;VMZ Prod ES;1;M1S0;*;V100;SONEDE;*;VMZ;Reel;Site;Eau;*;VMZ;!~;!~;;;;;3;SONEDE;*;*
CES03;Ecart P/C ES;Eau Sonede;CES0;VMZ Eau Sonede;1;*;*;*;*;*;*;CES02-CES01;Site;Eau;*;VMZ;;;CES02~-~CES01~;VMZ Prod ES~-~VMZ Conso ES~;;;0;Ecart Production/Consommation Eau Sonede;*;*
CES04;Ecart P/D ES;Eau Sonede;CES0;VMZ Eau Sonede;1;*;*;*;*;*;*;CES02-CES06;Site;Eau;*;VMZ;;;CES02~-~CES06~;VMZ Prod ES~-~VMZ Distrib ES~;;;0;Ecart Production/Distribution Eau Sonede;*;*
CES05;Ecart D/C ES;Eau Sonede;CES0;VMZ Eau Sonede;1;*;*;*;*;*;*;CES06-CES01;Site;Eau;*;VMZ;;;CES06~-~CES01~;VMZ Distrib ES~-~VMZ Conso ES~;;;0;Ecart Distribution/Consommation Eau Sonede;*;*
CES19;CS4_ UCPC ;Eau Sonede;CES1;CS1_SONEDE;3;M1S0;*;M260;SONEDE;*;UCPC;F(CES19);Usine;Eau;*;UCPC;;;F~(~CES19~)~;F~(~CS4_ UCPC ~)~;;;1;CS4_ UCPC ;*;*
CES11;CS10_surgelee ;Eau Sonede;CES19;CS4_ UCPC ;4;M1S0;*;M250;SONEDE;*;Surgele;Reel;Process;Eau;CPT15;Surgele;!~;!~;;;;;3;CS10_surgelee ;Surgele T;*
CES15;CS14_UCPC ;Eau Sonede;CES19;CS4_ UCPC ;4;M1S0;*;M260;SONEDE;*;UCPC;Reel;Process;Eau;CPT16;UCPC;!~;!~;;;;;3;CS14_UCPC ;UCPC T;*
CES16;CS15_conserve ;Eau Sonede;CES19;CS4_ UCPC ;4;M1S0;*;M230;SONEDE;*;Conserve;Reel;Process;Eau;CPT13;Conserve;!~;!~;;;;;3;CS15_conserve ;Conserve T;*
CES1A;CS5_CHARCUTERIE ;Eau Sonede;CES1;CS1_SONEDE;3;M1S0;*;M200;SONEDE;*;ElMazeraa;Reel;Usine;Eau;CPT12;ElMazeraa;!~;!~;;;;;3;CS5_CHARCUTERIE ;Charcuterie T;*
CES1B;CS6_refectoire ;Eau Sonede;CES1;CS1_SONEDE;3;M1S0;*;M290;SONEDE;*;Refectoire;Reel;Usine;Eau;*;Refectoires;!~;!~;;;;;3;CS6_refectoire ;*;*
CES1E;CS9_pet food;Eau Sonede;CES1;CS1_SONEDE;3;M1S0;*;M240;SONEDE;*;PetFood;Reel;Usine;Eau;CPT14;PetFood;!~;!~;;;;;3;CS9_pet food;PetFood T;*
CES1F;CS8_Coproduit;Eau Sonede;CES1;CS1_SONEDE;3;M1S0;*;C200;SONEDE;*;CoProduit;Reel;Usine;Eau;*;CoProduit;!~;!~;;;;;3;CS8_Coproduit;*;*
CES14;CS13_DICKelvage ;Eau Sonede;CES1;CS1_SONEDE;3;M1S0;*;D200;SONEDE;*;Dick;Reel;Usine;Eau;*;Dick;!~;!~;;;;;3;CS13_DICKelvage ;*;*
CES1C;CS7_admin;Eau Sonede;CES14;CS13_DICKelvage ;4;M1S0;*;M270;SONEDE;*;Administration;Reel;Process;Eau;*;Administration;!~;!~;;;;;3;CS7_admin-elmezraa;*;*
CES2;Dick Eau Sonede;Eau Sonede;CES01;VMZ Conso ES;1;M1S0;*;D200;SONEDE;*;Dick;F(CES2);Site;Eau;CPT2;Dick;;;F~(~CES2~)~;F~(~Dick Eau Sonede~)~;;;1;Dick Eau Sonede;Dick Tonnage;*
CES12;CS11_DICK-admin ;Eau Sonede;CES2;Dick Eau Sonede;2;M1S0;*;D200;SONEDE;*;Dick;Reel;Type de Site;Eau;*;Dick;!~;!~;;;;;3;CS11_DICK-administration;*;*
CES13;CS12_DICK-usine ;Eau Sonede;CES2;Dick Eau Sonede;2;M1S0;*;D200;SONEDE;*;Dick;Reel;Type de Site;Eau;*;Dick;!~;!~;;;;;3;CS12_DICK-usine ;*;*
CES17;CS2_DICK;Eau Sonede;CES2;Dick Eau Sonede;2;M1S0;*;D200;SONEDE;*;Dick;Reel;Type de Site;Eau;*;Dick;!~;!~;;;;;3;CS2_DICK;*;*
CET0;VMZ Eau Traite;Eau Traite;*;*;0;*;*;*;*;*;*;*;Company;Eau;*;VMZ;;;*~;*~;;;0;VMZ Eau Traite;*;*
CET01;Salle Osmose;Eau Traite;CET0;VMZ Eau Traite;1;M1V2;*;M1V3;Bassin2000;*;Bassin3000;F(CET01);Site;Eau;*;VMZ;;;F~(~CET01~)~;F~(~Salle Osmose~)~;;;0;Salle Osmose;*;*
CET011;Station1;Eau Traite;CET01;Salle Osmose;1;M1V2;*;M1V3;Bassin2000;*;Bassin3000;Reel;Site;Eau;*;VMZ;!~;!~;;;;;2;Station1;*;*
CET012;Station2;Eau Traite;CET01;Salle Osmose;1;M1V2;*;M1V3;Bassin2000;*;Bassin3000;Reel;Site;Eau;*;VMZ;!~;!~;;;;;2;Station2;*;*
CET013;Station3;Eau Traite;CET01;Salle Osmose;1;M1V2;*;M1V3;Bassin2000;*;Bassin3000;Reel;Site;Eau;*;VMZ;!~;!~;;;;;2;Station3;*;*
CET02;Sortie B3000 ;Eau Traite;CET0;VMZ Eau Traite;1;M1C0;*;*;SalleOsmose;*;*;CET01-CER14;Site;Eau;*;VMZ;;;CET01~-~CER14~;Salle Osmose~-~CR4 EauSaumatre~;;;0;Sortie B3000 ;*;*
CET03;E-Collect ET;Eau Traite;CET0;VMZ Eau Traite;1;M1V3;*;*;Bassin3000;*;*;F(CET03);Site;Eau;*;VMZ;;;F~(~CET03~)~;F~(~E-Collect ET~)~;;;0;entrer Collecteur Eau Traite;*;*
CET04;S-Collect ET;Eau Traite;CET0;VMZ Eau Traite;1;*;V100;*;*;VMZ;*;Reel;Site;Eau;*;VMZ;!~;!~;;;;;2;Sortie Collecteur Eau traite;*;*
CET05;Ecart P/C ET;Eau Traite;CET0;VMZ Eau Traite;1;*;*;*;*;*;*;CET02-CET03;Site;Eau;*;VMZ;;;CET02~-~CET03~;Sortie B3000 ~-~E-Collect ET~;;;0;Ecart Production/Consommation Eau Traite;*;*
CET06;Ecart P/D ET;Eau Traite;CET0;VMZ Eau Traite;1;*;*;*;*;*;*;CET02-CET04;Site;Eau;*;VMZ;;;CET02~-~CET04~;Sortie B3000 ~-~S-Collect ET~;;;0;Ecart Production/Distribution Eau Traite;*;*
CET07;Ecart D/C ET;Eau Traite;CET0;VMZ Eau Traite;1;*;*;*;*;*;*;CET04-CET03;Site;Eau;*;VMZ;;;CET04~-~CET03~;S-Collect ET~-~E-Collect ET~;;;0;Ecart Distribution/Consommation Eau Traite;*;*
CET1;CT4_Collect ET;Eau Traite;CET03;E-Collect ET;1;M1C0;M1V3;M200;SalleOsmose;Bassin3000;ElMazeraa;F(CET1);Site;Eau;CPT1;ElMazeraa;;;F~(~CET1~)~;F~(~CT4_Collect ET~)~;;;0;CT4_Collecteur eau traitee ElMazraa;ElMazraa T;*
CETA;Production;Eau Traite;CET1;CT4_Collect ET;2;M1C0;M1V3;Z100;SalleOsmose;Bassin3000;Production;F(CETA);Type de Site;Eau;*;*;;;F~(~CETA~)~;F~(~Production~)~;;;0;Production;*;*
CETB;Utilitaire;Eau Traite;CET1;CT4_Collect ET;2;M1C0;M1V3;Z200;SalleOsmose;Bassin3000;Utilitaire;F(CETB);Type de Site;Eau;*;*;;;F~(~CETB~)~;F~(~Utilitaire~)~;;;0;Utilitaire;*;*
CET13;CT17_Coproduit;Eau Traite;CETA;Production;3;M1C0;M1V3;C200;SalleOsmose;Bassin3000;CoProduit;F(CET13);Usine;Eau;CPT3;CoProduit;;;F~(~CET13~)~;F~(~CT17_Coproduit~)~;;;0;CT17_Coproduit;CoProduit T;*
CET131;CT41_ADM COP;Eau Traite;CET13;CT17_Coproduit;4;M1C0;M1V3;M152E;SalleOsmose;Bassin3000;COP-Osmose-ADM;Reel;Process;Eau;*;CoProduit;!~;!~;;;;;2;CT41_Osmose ADM coproduit;*;*
CETB1;CT11_Abattoir;Eau Traite;CETA;Production;4;M1C0;M1V3;M210;SalleOsmose;Bassin3000;Abattoir;F(CETB1);Process;Eau;*;Abattoir;;;F~(~CETB1~)~;F~(~CT11_Abattoir~)~;;;0;CT11_abattage+decoupe (Abattoir);*;*
CETB11;CT22_dec+lav-C;Eau Traite;CETB1;CT11_Abattoir;4;M1C0;M1V3;M217;SalleOsmose;Bassin3000;Decoupe;CETB111;Process;Eau;*;Abattoir;;;CETB111~;CT24_lav-caisse~;;;0;CT22_ElMazraa decoupe+lavage caisse;*;*
CETB111;CT24_lav-caisse;Eau Traite;CETB11;CT22_dec+lav-C;5;M1C0;M1V3;M217;SalleOsmose;Bassin3000;Decoupe;Reel;Atelier;Eau;*;Abattoir;!~;!~;;;;;2;CT24_lavage caisse;*;*
CETB12;CT18_eau-Glacee;Eau Traite;CETB1;CT11_Abattoir;3;M1C0;M1V3;M21F;SalleOsmose;Bassin3000;Abattage-Eclair;CETB2;Usine;Eau;*;Abattoir;;;CETB2~;Froid EauTraite~;;;0;CT18_Station eau Glacee;*;*
CETB21;CT19_Ruisseleur;Eau Traite;CETB12;CT18_eau-Glacee;6;M1C0;M1V3;M21F;SalleOsmose;Bassin3000;Abattage-Eclair;CET121;SubAtelier;Eau;*;Abattoir;;;CET121~;CT40_Refroid-A~;;;0;CT19_Ruisseleur;*;*
CET121;CT40_Refroid-A;Eau Traite;CETB2;Froid EauTraite;7;M1C0;M1V3;M21G;SalleOsmose;Bassin3000;Refroidisseur;Reel;Machine;Eau;*;Abattoir;!~;!~;;;;;2;CT40_Refroidisseurs abats;*;*
CETA5;CT8_Surgele;Eau Traite;CET03;E-Collect ET;3;M1C0;M1V3;M250;SalleOsmose;Bassin3000;Surgele;F(CETA5);Usine;Eau;CPT15;Surgele;;;F~(~CETA5~)~;F~(~CT8_Surgele~)~;;;0;CT8_Surgele;Surgele T;*
CETA51;CT42_Osmose-S2;Eau Traite;CETA5;CT8_Surgele;4;M1C0;M1V3;M25F;SalleOsmose;Bassin3000;Osmose Surgele2;Reel;Process;Eau;*;Surgele;!~;!~;;;;;2;CT42_Osmose entre surgele 2;*;*
CETA52;CT41_Osmose-S1;Eau Traite;CETA5;CT8_Surgele;4;M1C0;M1V3;M25I;SalleOsmose;Bassin3000;Osmose Surgele1;Reel;Process;Eau;*;Surgele;!~;!~;;;;;2;CT41_Osmose entre surgele 1;*;*
CET16;CT20_abattage;Eau Traite;CETB1;CT11_Abattoir;4;M1C0;M1V3;M213;SalleOsmose;Bassin3000;Abattage;CET1H+CET1H1+CET17+CET171;Process;Eau;*;Abattoir;;;CET1H~+~CET1H1~+~CET17~+~CET171~;CT32_QAI-VIFS~+~CT46_ABATTAGE-H~+~CT21_ABATTAGE-E~+~CT43_M-gesier~;;;0;CT20_abattage;*;*
CETA11;Decoupe ET;Eau Traite;CETB1;CT11_Abattoir;4;M1C0;M1V3;M217;SalleOsmose;Bassin3000;Decoupe;CETB11;Process;Eau;*;Abattoir;;;CETB11~;CT22_dec+lav-C~;;;0;Decoupe Eau Traite;*;*
CET1H;CT32_QAI-VIFS;Eau Traite;CET16;CT20_abattage;6;M1C0;M1V3;M213;SalleOsmose;Bassin3000;Abattage;CET1H1;SubAtelier;Eau;*;Abattoir;;;CET1H1~;CT46_ABATTAGE-H~;;;0;CT32_ELMEZRAA ABATTAGE QAI-VIFS;*;*
CET1H1;CT46_ABATTAGE-H;Eau Traite;CET1H;CT32_QAI-VIFS;7;M1C0;M1V3;M213;SalleOsmose;Bassin3000;Abattage;Reel;Machine;Eau;*;Abattoir;!~;!~;;;;;2;CT46_ELMEZRAA ABATTAGE HANGER D'ATTENTE;*;*
CET17;CT21_ABATTAGE-E;Eau Traite;CET16;CT20_abattage;5;M1C0;M1V3;M213;SalleOsmose;Bassin3000;Abattage;CET171;Atelier;Eau;*;Abattoir;;;CET171~;CT43_M-gesier~;;;0;CT21_ELMEZRAA ABATTAGE evisceration;*;*
CET171;CT43_M-gesier;Eau Traite;CET17;CT21_ABATTAGE-E;7;M1C0;M1V3;M213;SalleOsmose;Bassin3000;Abattage;Reel;Machine;Eau;*;Abattoir;!~;!~;;;;;2;CT43_machine gesier;*;*
CETA2;CT12_Bain Marie;Eau Traite;CETA;Production;3;M1C0;M1V3;M220;SalleOsmose;Bassin3000;Charcuterie;F(CETA2);Usine;Eau;CPT12;Charcuterie;;;F~(~CETA2~)~;F~(~CT12_Bain Marie~)~;;;0;CT12_Charcuterie Bain Marie;Charcuterie T;*
CET1B;CT25_cutter-1;Eau Traite;CETA2;CT12_Bain Marie;7;M1C0;M1V3;M22B;SalleOsmose;Bassin3000;cutteru N1;Reel;Machine;Eau;*;Charcuterie;!~;!~;;;;;2;CT25_CHARCUTERIE cutter1;*;*
CET1C;CT26_cutter-2;Eau Traite;CETA2;CT12_Bain Marie;7;M1C0;M1V3;M22C;SalleOsmose;Bassin3000;cutteur N2;Reel;Machine;Eau;*;Charcuterie;!~;!~;;;;;2;CT26_CHARCUTERIE cutter2;*;*
CET1D;CT27_cutter500;Eau Traite;CETA2;CT12_Bain Marie;7;M1C0;M1V3;M224;SalleOsmose;Bassin3000;Cutter 500 ;Reel;Machine;Eau;*;Charcuterie;!~;!~;;;;;2;CT27_CHARCUTERIE cutter500;*;*
CET1R;CT44_CHAR-A-point;Eau Traite;CETA2;CT12_Bain Marie;7;M1C0;M1V3;M22E;SalleOsmose;Bassin3000;A-Condenseur;Reel;Machine;Eau;*;Charcuterie;!~;!~;;;;;2;CT44_CHARCUTERIE A point;*;*
CETA4;CT14_UCPC+CONS;Eau Traite;CETA;Production;3;M1C0;M1V3;*;SalleOsmose;Bassin3000;*;F(CETA4);Usine;Eau;*;ElMazeraa;;;F~(~CETA4~)~;F~(~CT14_UCPC+CONS~)~;;;0;CT14_UCPC + CONSERVE;*;*
CET1F;CT29_AUTOCLAVE;Eau Traite;CETA4;CT14_UCPC+CONS;7;M1C0;M1V3;M230;SalleOsmose;Bassin3000;Conserve;Reel;Machine;Eau;CPT13;Conserve;!~;!~;;;;;2;CT29_AUTOCLAVE;Conserve T;*
CET1I;CT33_UCPC_Comble;Eau Traite;CETA4;CT14_UCPC+CONS;4;M1C0;M1V3;M263;SalleOsmose;Bassin3000;UCPC Comble;Reel;Process;Eau;CPT16;UCPC;!~;!~;;;;;2;CT33_UCPC Comble;UCPC T;*
CETA3;CT13_PetFood;Eau Traite;CETA;Production;3;M1C0;M1V3;*;SalleOsmose;Bassin3000;*;CET1V+CET1M;Usine;Eau;*;ElMazeraa;;;CET1V~+~CET1M~;CT30_B-marie-C~+~Condens res3_PF~;;;0;CT13_PetFood;*;*
CET1V;CT30_B-marie-C;Eau Traite;CETA3;CT13_PetFood;7;M1C0;M1V3;M247;SalleOsmose;Bassin3000;Bain Marie C;Reel;Machine;Eau;CPT14;PetFood;!~;!~;;;;;2;CT30_Bain marie de cuissant;PetFood T;*
CETB2;Froid EauTraite;Eau Traite;CETB;Utilitaire;3;M1C0;M1V3;MA00;SalleOsmose;Bassin3000;Froid;CET1M+CET036;Usine;Eau;*;Froid;;;CET1M~+~CET036~;Condens res3_PF~+~CT7_Condenseur~;;;0;Froid EauTraite;*;*
CET036;CT7_Condenseur;Eau Traite;CET03;E-Collect ET;5;M1C0;M1V3;M1T0;SalleOsmose;Bassin3000;Condenseur;Reel;Atelier;Eau;*;Froid;!~;!~;;;;;2;CT7_Condenseur;*;*
CET1M;Condens res3_PF;Eau Traite;CETB2;Froid EauTraite;5;M1C0;M1V3;M1T0;SalleOsmose;Bassin3000;Condenseur;CET1M1+CET1M2;Atelier;Eau;*;Froid;;;CET1M1~+~CET1M2~;CT37_Condens Res3+Pf~+~CT38_Condens Res3+Pf~;;;0;Condenseur ressuage N3 Petfood;*;*
CET1M1;CT37_Condens Res3+Pf;Eau Traite;CETA3;CT13_PetFood;7;M1C0;M1V3;M1T0;SalleOsmose;Bassin3000;Condenseur;Reel;Machine;Eau;*;Condenseur ressuage N3_Petfood;!~;!~;;;;;2;CT37_Condenseur N1 Ressuage3+Petfood;*;*
CET1M2;CT38_Condens Res3+Pf;Eau Traite;CETA3;CT13_PetFood;7;M1C0;M1V3;M1T0;SalleOsmose;Bassin3000;Condenseur;Reel;Machine;Eau;*;Condenseur ressuage N3_Petfood;!~;!~;;;;;2;CT38_Condenseur N2 Ressuage3+Petfood;*;*
CETA6;CT36_A-Condenseur;Eau Traite;CETA5;CT8_Surgele;4;M1C0;M1V3;M25J;SalleOsmose;Bassin3000;A-Condenseur;CET1O;Process;Eau;CPT15;Surgele;;;CET1O~;CT39_C-Surgele~;;;0;CT36_Appoint Condenseur;Surgele T;*
CET1O;CT39_C-Surgele;Eau Traite;CETA6;CT36_A-Condenseur;7;M1C0;M1V3;M1T2;SalleOsmose;Bassin3000;Condenseur S;Reel;Machine;Eau;*;Surgele;!~;!~;;;;;2;CT39_Condenseur Surgele;*;*
CET1P;CT15_Chaudieres;Eau Traite;CETA;Production;6;M1C0;M1V3;MC00;SalleOsmose;Bassin3000;Chaufferie;F(CET1P);SubAtelier;Eau;*;Chaufferie;;;F~(~CET1P~)~;F~(~CT15_Chaudieres~)~;;;0;CT15_Chaudieres;*;*
CET1J;CT34_Chaudiere5T;Eau Traite;CET1P;CT15_Chaudieres;7;M1C0;M1V3;M15A;SalleOsmose;Bassin3000;Chaudiere 5T;Reel;Machine;Eau;*;Chaufferie;!~;!~;;;;;2;CT34_Chaudiere5T;*;*
CET1K;CT35_Chaudiere8T;Eau Traite;CET1P;CT15_Chaudieres;7;M1C0;M1V3;M15B;SalleOsmose;Bassin3000;Chaudiere 8T;Reel;Machine;Eau;*;Chaufferie;!~;!~;;;;;2;CT35_Chaudiere8T;*;*
CET2;GIPA Eau Traite;Eau Traite;CET0;VMZ Eau Traite;2;M1C0;M1V3;G200;SalleOsmose;Bassin3000;GIPA;Reel;Type de Site;Eau;*;GIPA;!~;!~;;;;;2;GIPA Eau Traite;*;*
CET032;CT40_Ligne Jus vers GIPA;Eau Traite;CET03;E-Collect ET;3;M1C0;M1V3;G200;SalleOsmose;Bassin3000;GIPA;Reel;Usine;Eau;*;GIPA;!~;!~;;;;;2;CT40_Ligne Jus vers GIPA;*;*
CET033;CT5_GIPA III;Eau Traite;CET03;E-Collect ET;3;M1C0;M1V3;G200;SalleOsmose;Bassin3000;GIPA;Reel;Usine;Eau;*;GIPA;!~;!~;;;;;2;CT5_GIPA III;*;*
CET034;CT9_Cogeneration;Eau Traite;CET03;E-Collect ET;2;M1C0;M1V3;N200;SalleOsmose;Bassin3000;Cogeneration;Reel;Type de Site;Eau;*;Cogeneration;!~;!~;;;;;2;CT9_Cogeneration;*;*
CET035;CT10_PAF;Eau Traite;CET03;E-Collect ET;2;M1C0;M1V3;V110;SalleOsmose;Bassin3000;PAF;Reel;Type de Site;Eau;*;PAF;!~;!~;;;;;2;CT10_PAF;*;*
CET3;Dick Eau Traite;Eau Traite;CET0;VMZ Eau Traite;1;M1C0;M1V3;D200;SalleOsmose;Bassin3000;Dick;Reel;Site;Eau;CPT2;Dick;!~;!~;;;;;2;Dick Eau Traite;Dick Tonnage;*
CET31;CT6_USINE DICK;Eau Traite;CET3;Dick Eau Traite;3;M1C0;M1V3;D200;SalleOsmose;Bassin3000;Dick;F(CET31);Usine;Eau;*;Dick;;;F~(~CET31~)~;F~(~CT6_USINE DICK~)~;;;0;CT6_USINE DICK;*;*
CET039;CT6_Abattage-D;Eau Traite;CET03;E-Collect ET;4;M1C0;M1V3;D200;SalleOsmose;Bassin3000;Dick;Reel;Process;Eau;*;Dick;!~;!~;;;;;2;CT6_Abattage Dick;*;*
CET311;CT13_DICK-PRO;Eau Traite;CET31;CT6_USINE DICK;4;M1C0;M1V3;D200;SalleOsmose;Bassin3000;Dick;F(CET311);Process;Eau;*;Dick;;;F~(~CET311~)~;F~(~CT13_DICK-PRO~)~;;;0;CT13_DICK PROCESS;*;*
CET3111;Machin-Dick-Pro;Eau Traite;CET311;CT13_DICK-PRO;6;M1C0;M1V3;D200;SalleOsmose;Bassin3000;Dick;F(CET3111);SubAtelier;Eau;*;Dick;;;F~(~CET3111~)~;F~(~Machin-Dick-Pro~)~;;;0;Machines DickProcess;*;*
CET31C;C10_Dejaboteuse;Eau Traite;CET3111;Machin-Dick-Pro;7;M1C0;M1V3;D200;SalleOsmose;Bassin3000;Dick;Reel;Machine;Eau;*;Dick;!~;!~;;;;;2;C10_Dejaboteuse;*;*
CET31D;C11_TAPIS-4-5-6;Eau Traite;CET3111;Machin-Dick-Pro;7;M1C0;M1V3;D200;SalleOsmose;Bassin3000;Dick;Reel;Machine;Eau;*;Dick;!~;!~;;;;;2;C11_TAPIS-4-5-6;*;*
CET31H;C18_Machine-ges;Eau Traite;CET3111;Machin-Dick-Pro;7;M1C0;M1V3;D200;SalleOsmose;Bassin3000;Dick;Reel;Machine;Eau;*;Dick;!~;!~;;;;;2;C18_Machine a gesier;*;*
CET31I;C19_Eviscereuse;Eau Traite;CET3111;Machin-Dick-Pro;7;M1C0;M1V3;D200;SalleOsmose;Bassin3000;Dick;Reel;Machine;Eau;*;Dick;!~;!~;;;;;2;C19_Eviscereuse;*;*
CET31J;C20_Evisc-HP;Eau Traite;CET3111;Machin-Dick-Pro;7;M1C0;M1V3;D200;SalleOsmose;Bassin3000;Dick;Reel;Machine;Eau;*;Dick;!~;!~;;;;;2;C20_Eviscereuse-HP;*;*
CET31K;C33_Table Ges;Eau Traite;CET3111;Machin-Dick-Pro;7;M1C0;M1V3;D200;SalleOsmose;Bassin3000;Dick;Reel;Machine;Eau;*;Dick;!~;!~;;;;;2;C33_Table Gesierseparateur d'intestins 3Rb controle abats;*;*
CET31L;C34_douchage-f2;Eau Traite;CET3111;Machin-Dick-Pro;7;M1C0;M1V3;D200;SalleOsmose;Bassin3000;Dick;Reel;Machine;Eau;*;Dick;!~;!~;;;;;2;C34_douchage final 2;*;*
CET31M;C35_PGI;Eau Traite;CET3111;Machin-Dick-Pro;7;M1C0;M1V3;D200;SalleOsmose;Bassin3000;Dick;Reel;Machine;Eau;*;Dick;!~;!~;;;;;2;C35_PGI;*;*
CET31A;C25_QuaiVif;Eau Traite;CET311;CT13_DICK-PRO;5;M1C0;M1V3;D200;SalleOsmose;Bassin3000;Dick;Reel;Atelier;Eau;*;Dick;!~;!~;;;;;2;C25_QuaiVif;*;*
CET31G;C17_Lav-croch;Eau Traite;CET311;CT13_DICK-PRO;5;M1C0;M1V3;D200;SalleOsmose;Bassin3000;Dick;Reel;Atelier;Eau;*;Dick;!~;!~;;;;;2;C17_Lavage crochet ressuage+Douchage final HP;*;*
CET31F;C15_E-ehangeur;Eau Traite;CET311;CT13_DICK-PRO;5;M1C0;M1V3;D200;SalleOsmose;Bassin3000;Dick;Reel;Atelier;Eau;*;Dick;!~;!~;;;;;2;C15_Entree ehangeur a plaques;*;*
CET31E;C40_Lavagecaisses;Eau Traite;CET311;CT13_DICK-PRO;5;M1C0;M1V3;D200;SalleOsmose;Bassin3000;Dick;Reel;Atelier;Eau;*;Dick;!~;!~;;;;;2;C40_Lavage caisses;*;*
CET31B;C9_Evisceration;Eau Traite;CET311;CT13_DICK-PRO;5;M1C0;M1V3;D200;SalleOsmose;Bassin3000;Dick;Reel;Atelier;Eau;*;Dick;!~;!~;;;;;2;C9_Evisceration;*;*
CET312;CT14_D-CHAUDIER;Eau Traite;CET31;CT6_USINE DICK;4;M1C0;M1V3;D200;SalleOsmose;Bassin3000;Dick;Reel;Process;Eau;*;Dick;!~;!~;;;;;2;CT14_DICK VERS CHAUDIERE EC;*;*
CET313;CT15_D-DOUCH-HP;Eau Traite;CET31;CT6_USINE DICK;4;M1C0;M1V3;D200;SalleOsmose;Bassin3000;Dick;Reel;Process;Eau;*;Dick;!~;!~;;;;;2;CT15_DICK DOUCHAGE HP;*;*
CET314;CT16_D-SANITAIR;Eau Traite;CET31;CT6_USINE DICK;4;M1C0;M1V3;D200;SalleOsmose;Bassin3000;Dick;Reel;Process;Eau;*;Dick;!~;!~;;;;;2;CT16_DICK SANITAIRE EC+EF;*;*
CET32;CT7_CondenseurDick;Eau Traite;CET3;Dick Eau Traite;3;M1C0;M1V3;D200;SalleOsmose;Bassin3000;Dick;CET321;Usine;Eau;*;Dick;;;CET321~;C26_Cond1+2~;;;0;CT7_CondenseurDick;*;*
CET321;C26_Cond1+2;Eau Traite;CET32;CT7_CondenseurDick;4;M1C0;M1V3;D200;SalleOsmose;Bassin3000;Dick;F(CET321);Process;Eau;*;Dick;;;F~(~CET321~)~;F~(~C26_Cond1+2~)~;;;0;C26_Condenseur1+Condenseur2;*;*
CET322;C21_D-CONDENS1;Eau Traite;CET321;C26_Cond1+2;5;M1C0;M1V3;D200;SalleOsmose;Bassin3000;Dick;Reel;Atelier;Eau;*;Dick;!~;!~;;;;;2;C21_DICK CONDENSEUR1;*;*
CET323;C22_D-CONDENS2;Eau Traite;CET321;C26_Cond1+2;5;M1C0;M1V3;D200;SalleOsmose;Bassin3000;Dick;Reel;Atelier;Eau;*;Dick;!~;!~;;;;;2;C22_DICK CONDENSEUR2;*;*
CER0;VMZ Eau Rejet;Eau Rejet;*;*;0;*;*;*;*;*;*;*;Company;Eau;*;VMZ;;;*~;*~;;;0;VMZ Eau Rejet;*;*
CER1;ElMazeraa ER;Eau Rejet;CER0;VMZ Eau Rejet;1;M1C0;*;M200;SalleOsmose;*;ElMazeraa;CER2;Site;Eau;CPT1;ElMazeraa;;;CER2~;SalleOsmose~;;;0;ElMazeraa Eau Rejet;ElMazraa T;*
CER2;SalleOsmose;Eau Rejet;CER1;ElMazeraa ER;3;M1C0;*;*;SalleOsmose;*;*;F(CER2);Usine;Eau;*;SalleOsmose;;;F~(~CER2~)~;F~(~SalleOsmose~)~;;;0;SalleOsmose;*;*
CER11;station1 OI;Eau Rejet;CER2;SalleOsmose;4;M1C0;*;*;SalleOsmose;*;*;Reel;Process;Eau;*;SalleOsmose;!~;!~;;;;;2;station1 OI;*;*
CER12;station2 OI;Eau Rejet;CER2;SalleOsmose;4;M1C0;*;*;SalleOsmose;*;*;Reel;Process;Eau;*;SalleOsmose;!~;!~;;;;;2;station2 OI;*;*
CER13;station3 OI;Eau Rejet;CER2;SalleOsmose;4;M1C0;*;*;SalleOsmose;*;*;Reel;Process;Eau;*;SalleOsmose;!~;!~;;;;;2;station3 OI;*;*
CER14;CR4 EauSaumatre;Eau Rejet;CER2;SalleOsmose;4;M1C0;*;*;SalleOsmose;*;*;Reel;Process;Eau;*;SalleOsmose;!~;!~;;;;;2;CR4 Eau Saumatre vers station3;*;*
CPT0;VMZ Tonnage;Tonnage;*;*;0;*;*;*;*;*;*;*;Company;*;*;VMZ;;;*~;*~;;;0;VMZ Tonnage;*;*
CPT1;ElMazeraa T;Tonnage;CPT0;VMZ Tonnage;1;*;*;M200;*;*;ElMazeraa;Reel;Site;*;*;ElMazeraa;!~;!~;;;;;2;ElMazeraa Tonnage;*;*
CPT11;Abattoir T;Tonnage;CPT1;ElMazeraa T;3;*;*;M210;*;*;Abattoir;Reel;Usine;*;*;Abattoir;!~;!~;;;;;2;Abattoir Tonnage;*;*
CPT12;Charcuterie T;Tonnage;CPT1;ElMazeraa T;3;*;*;M220;*;*;Charcuterie;Reel;Usine;*;*;Charcuterie;!~;!~;;;;;2;Charcuterie Tonnage;*;*
CPT13;Conserve T;Tonnage;CPT1;ElMazeraa T;3;*;*;M230;*;*;Conserve;Reel;Usine;*;*;Conserve;!~;!~;;;;;2;Conserve Tonnage;*;*
CPT14;PetFood T;Tonnage;CPT1;ElMazeraa T;3;*;*;M240;*;*;PetFood;Reel;Usine;*;*;PetFood;!~;!~;;;;;2;PetFood Tonnage;*;*
CPT15;Surgele T;Tonnage;CPT1;ElMazeraa T;3;*;*;M250;*;*;Surgele;Reel;Usine;*;*;Surgele;!~;!~;;;;;2;Surgele Tonnage;*;*
CPT16;UCPC T;Tonnage;CPT1;ElMazeraa T;3;*;*;M260;*;*;UCPC;Reel;Usine;*;*;UCPC;!~;!~;;;;;2;UCPC Tonnage;*;*
CPT2;Dick Tonnage;Tonnage;CPT0;VMZ Tonnage;1;*;*;D200;*;*;Dick;Reel;Site;*;*;Dick;!~;!~;;;;;2;Dick Tonnage;*;*
CPT3;CoProduit T;Tonnage;CPT0;VMZ Tonnage;1;*;*;C200;*;*;CoProduit;Reel;Site;*;*;CoProduit;!~;!~;;;;;2;Coproduit Tonnage;*;*
X0;VMZ;*;*;*;0;*;*;*;*;*;*;*;Company;*;*;VMZ;;;*~;*~;;;0;VMZ;*;*
X1;ElMazeraa;*;X0;VMZ;1;*;*;M200;*;*;ElMazeraa;*;Site;*;*;ElMazeraa;;;*~;*~;;;0;ElMazeraa;*;*
X11;Abattoir;*;X1;ElMazeraa;3;*;*;M210;*;*;Abattoir;*;Usine;*;*;Abattoir;;;*~;*~;;;0;Abattoir;*;*
X12;Charcuterie;*;X1;ElMazeraa;3;*;*;M220;*;*;Charcuterie;*;Usine;*;*;Charcuterie;;;*~;*~;;;0;Charcuterie;*;*
X13;Conserve;*;X1;ElMazeraa;3;*;*;M230;*;*;Conserve;*;Usine;*;*;Conserve;;;*~;*~;;;0;Conserve;*;*
X14;PetFood;*;X1;ElMazeraa;3;*;*;M240;*;*;PetFood;*;Usine;*;*;PetFood;;;*~;*~;;;0;PetFood;*;*
X15;Surgele;*;X1;ElMazeraa;3;*;*;M250;*;*;Surgele;*;Usine;*;*;Surgele;;;*~;*~;;;0;Surgele;*;*
X16;UCPC;*;X1;ElMazeraa;3;*;*;M260;*;*;UCPC;*;Usine;*;*;UCPC;;;*~;*~;;;0;UCPC;*;*
X2;Dick;*;X0;VMZ;1;*;*;D200;*;*;Dick;*;Site;*;*;Dick;;;*~;*~;;;0;Dick;*;*
X3;CoProduit;*;X0;VMZ;1;*;*;C200;*;*;CoProduit;*;Site;*;*;CoProduit;;;*~;*~;;;0;CoProduit;*;*
X4;Cogeneration;*;X0;VMZ;1;*;*;N200;*;*;Cogeneration;*;Site;*;*;Cogeneration;;;*~;*~;;;0;Cogeneration;*;*
X5;Gipa;*;X0;VMZ;1;*;*;G200;*;*;GIPA;*;Site;*;*;Gipa;;;*~;*~;;;0;Gipa;*;*
X6;STEG;*;X0;VMZ;1;*;*;S200;*;*;STEG;*;Site;*;*;STEG;;;*~;*~;;;0;STEG;*;*
