Channel Id;ChannelDevice Id;CompteurCode;Gateway Id;Master;COMsType;Port;Compteur Name;Gateway Name;Post code;Emplacement
1;1;;R1;;R;502;;G_RTU-TCP Local Habillement;D8;Local Habillement
1;2;CTC32;R1;;R;502;;G_RTU-TCP Local Habillement;D8;Local Habillement
1;3;CTC31;R1;;R;502;;G_RTU-TCP Local Habillement;D8;Local Habillement
1;4;CTC7;R1;;R;502;;G_RTU-TCP Local Habillement;D8;Local Habillement
1;5;;R1;;R;502;;G_RTU-TCP Local Habillement;D8;Local Habillement
1;6;;R1;;R;502;;G_RTU-TCP Local Habillement;D8;Local Habillement
1;7;;R1;;R;502;;G_RTU-TCP Local Habillement;D8;Local Habillement
1;8;;R1;;R;502;;G_RTU-TCP Local Habillement;D8;Local Habillement
1;9;;R1;;R;502;;G_RTU-TCP Local Habillement;D8;Local Habillement
1;10;;R1;;R;502;;G_RTU-TCP Local Habillement;D8;Local Habillement
1;11;;R1;;R;502;;G_RTU-TCP Local Habillement;D8;Local Habillement
1;12;;R1;;R;502;;G_RTU-TCP Local Habillement;D8;Local Habillement
1;13;;R1;;R;502;;G_RTU-TCP Local Habillement;D8;Local Habillement
1;14;;R1;;R;502;;G_RTU-TCP Local Habillement;D8;Local Habillement
1;15;;R1;;R;502;;G_RTU-TCP Local Habillement;D8;Local Habillement
1;16;;R1;;R;502;;G_RTU-TCP Local Habillement;D8;Local Habillement
1;17;;R1;;R;502;;G_RTU-TCP Local Habillement;D8;Local Habillement
1;18;;R1;;R;502;;G_RTU-TCP Local Habillement;D8;Local Habillement
1;19;;R1;;R;502;;G_RTU-TCP Local Habillement;D8;Local Habillement
1;20;;R1;;R;502;;G_RTU-TCP Local Habillement;D8;Local Habillement
1;21;;R1;;R;502;;G_RTU-TCP Local Habillement;D8;Local Habillement
1;22;;R1;;R;502;;G_RTU-TCP Local Habillement;D8;Local Habillement
1;23;;R1;;R;502;;G_RTU-TCP Local Habillement;D8;Local Habillement
1;24;;R1;;R;502;;G_RTU-TCP Local Habillement;D8;Local Habillement
1;25;;R1;;R;502;;G_RTU-TCP Local Habillement;D8;Local Habillement
1;26;;R1;;R;502;;G_RTU-TCP Local Habillement;D8;Local Habillement
1;27;;R1;;R;502;;G_RTU-TCP Local Habillement;D8;Local Habillement
1;28;;R1;;R;502;;G_RTU-TCP Local Habillement;D8;Local Habillement
1;29;;R1;;R;502;;G_RTU-TCP Local Habillement;D8;Local Habillement
1;30;;R1;;R;502;;G_RTU-TCP Local Habillement;D8;Local Habillement
1;1;;R1;;R;503;;G_RTU-TCP Local Habillement;D8;Local Habillement
1;2;;R1;;R;503;;G_RTU-TCP Local Habillement;D8;Local Habillement
1;3;;R1;;R;503;;G_RTU-TCP Local Habillement;D8;Local Habillement
1;4;;R1;;R;503;;G_RTU-TCP Local Habillement;D8;Local Habillement
1;5;;R1;;R;503;;G_RTU-TCP Local Habillement;D8;Local Habillement
1;6;;R1;;R;503;;G_RTU-TCP Local Habillement;D8;Local Habillement
1;7;;R1;;R;503;;G_RTU-TCP Local Habillement;D8;Local Habillement
1;8;;R1;;R;503;;G_RTU-TCP Local Habillement;D8;Local Habillement
1;9;;R1;;R;503;;G_RTU-TCP Local Habillement;D8;Local Habillement
1;10;;R1;;R;503;;G_RTU-TCP Local Habillement;D8;Local Habillement
1;11;;R1;;R;503;;G_RTU-TCP Local Habillement;D8;Local Habillement
1;12;;R1;;R;503;;G_RTU-TCP Local Habillement;D8;Local Habillement
1;13;;R1;;R;503;;G_RTU-TCP Local Habillement;D8;Local Habillement
1;14;;R1;;R;503;;G_RTU-TCP Local Habillement;D8;Local Habillement
1;15;;R1;;R;503;;G_RTU-TCP Local Habillement;D8;Local Habillement
1;16;;R1;;R;503;;G_RTU-TCP Local Habillement;D8;Local Habillement
1;17;;R1;;R;503;;G_RTU-TCP Local Habillement;D8;Local Habillement
1;18;;R1;;R;503;;G_RTU-TCP Local Habillement;D8;Local Habillement
1;19;;R1;;R;503;;G_RTU-TCP Local Habillement;D8;Local Habillement
1;20;;R1;;R;503;;G_RTU-TCP Local Habillement;D8;Local Habillement
1;21;;R1;;R;503;;G_RTU-TCP Local Habillement;D8;Local Habillement
1;22;;R1;;R;503;;G_RTU-TCP Local Habillement;D8;Local Habillement
1;23;;R1;;R;503;;G_RTU-TCP Local Habillement;D8;Local Habillement
1;24;;R1;;R;503;;G_RTU-TCP Local Habillement;D8;Local Habillement
1;25;;R1;;R;503;;G_RTU-TCP Local Habillement;D8;Local Habillement
1;26;;R1;;R;503;;G_RTU-TCP Local Habillement;D8;Local Habillement
1;27;;R1;;R;503;;G_RTU-TCP Local Habillement;D8;Local Habillement
1;28;;R1;;R;503;;G_RTU-TCP Local Habillement;D8;Local Habillement
1;29;;R1;;R;503;;G_RTU-TCP Local Habillement;D8;Local Habillement
1;30;;R1;;R;503;;G_RTU-TCP Local Habillement;D8;Local Habillement
1;1;;R1;;R;504;;G_RTU-TCP Local Habillement;D8;Local Habillement
1;2;;R1;;R;504;;G_RTU-TCP Local Habillement;D8;Local Habillement
1;3;;R1;;R;504;;G_RTU-TCP Local Habillement;D8;Local Habillement
1;4;;R1;;R;504;;G_RTU-TCP Local Habillement;D8;Local Habillement
1;5;;R1;;R;504;;G_RTU-TCP Local Habillement;D8;Local Habillement
1;6;;R1;;R;504;;G_RTU-TCP Local Habillement;D8;Local Habillement
1;7;;R1;;R;504;;G_RTU-TCP Local Habillement;D8;Local Habillement
1;8;;R1;;R;504;;G_RTU-TCP Local Habillement;D8;Local Habillement
1;9;;R1;;R;504;;G_RTU-TCP Local Habillement;D8;Local Habillement
1;10;;R1;;R;504;;G_RTU-TCP Local Habillement;D8;Local Habillement
1;11;;R1;;R;504;;G_RTU-TCP Local Habillement;D8;Local Habillement
1;12;;R1;;R;504;;G_RTU-TCP Local Habillement;D8;Local Habillement
1;13;;R1;;R;504;;G_RTU-TCP Local Habillement;D8;Local Habillement
1;14;;R1;;R;504;;G_RTU-TCP Local Habillement;D8;Local Habillement
1;15;;R1;;R;504;;G_RTU-TCP Local Habillement;D8;Local Habillement
1;16;;R1;;R;504;;G_RTU-TCP Local Habillement;D8;Local Habillement
1;17;;R1;;R;504;;G_RTU-TCP Local Habillement;D8;Local Habillement
1;18;;R1;;R;504;;G_RTU-TCP Local Habillement;D8;Local Habillement
1;19;;R1;;R;504;;G_RTU-TCP Local Habillement;D8;Local Habillement
1;20;;R1;;R;504;;G_RTU-TCP Local Habillement;D8;Local Habillement
1;21;;R1;;R;504;;G_RTU-TCP Local Habillement;D8;Local Habillement
1;22;;R1;;R;504;;G_RTU-TCP Local Habillement;D8;Local Habillement
1;23;;R1;;R;504;;G_RTU-TCP Local Habillement;D8;Local Habillement
1;24;;R1;;R;504;;G_RTU-TCP Local Habillement;D8;Local Habillement
1;25;;R1;;R;504;;G_RTU-TCP Local Habillement;D8;Local Habillement
1;26;;R1;;R;504;;G_RTU-TCP Local Habillement;D8;Local Habillement
1;27;;R1;;R;504;;G_RTU-TCP Local Habillement;D8;Local Habillement
1;28;;R1;;R;504;;G_RTU-TCP Local Habillement;D8;Local Habillement
1;29;;R1;;R;504;;G_RTU-TCP Local Habillement;D8;Local Habillement
1;30;;R1;;R;504;;G_RTU-TCP Local Habillement;D8;Local Habillement
1;1;;R2;;R;502;;G_RTU-TCP Local Beurrerie;D27;Beurrerie
2;2;CTC21;R2;;R;502;;G_RTU-TCP Local Beurrerie;D27;Beurrerie
2;3;CTC22;R2;;R;502;;G_RTU-TCP Local Beurrerie;D27;Beurrerie
2;4;CTC23;R2;;R;502;;G_RTU-TCP Local Beurrerie;D27;Beurrerie
2;5;CTC24;R2;;R;502;;G_RTU-TCP Local Beurrerie;D27;Beurrerie
2;6;CTC2D;R2;;R;502;;G_RTU-TCP Local Beurrerie;D27;Beurrerie
2;7;CTC2C;R2;;R;502;;G_RTU-TCP Local Beurrerie;D27;Beurrerie
2;8;;R2;;R;502;;G_RTU-TCP Local Beurrerie;D27;Beurrerie
2;9;;R2;;R;502;;G_RTU-TCP Local Beurrerie;D27;Beurrerie
2;10;;R2;;R;502;;G_RTU-TCP Local Beurrerie;D27;Beurrerie
2;11;;R2;;R;502;;G_RTU-TCP Local Beurrerie;D27;Beurrerie
2;12;;R2;;R;502;;G_RTU-TCP Local Beurrerie;D27;Beurrerie
2;13;;R2;;R;502;;G_RTU-TCP Local Beurrerie;D27;Beurrerie
2;14;;R2;;R;502;;G_RTU-TCP Local Beurrerie;D27;Beurrerie
2;15;;R2;;R;502;;G_RTU-TCP Local Beurrerie;D27;Beurrerie
2;16;;R2;;R;502;;G_RTU-TCP Local Beurrerie;D27;Beurrerie
2;17;;R2;;R;502;;G_RTU-TCP Local Beurrerie;D27;Beurrerie
2;18;;R2;;R;502;;G_RTU-TCP Local Beurrerie;D27;Beurrerie
2;19;;R2;;R;502;;G_RTU-TCP Local Beurrerie;D27;Beurrerie
2;20;;R2;;R;502;;G_RTU-TCP Local Beurrerie;D27;Beurrerie
2;21;;R2;;R;502;;G_RTU-TCP Local Beurrerie;D27;Beurrerie
2;22;;R2;;R;502;;G_RTU-TCP Local Beurrerie;D27;Beurrerie
2;23;;R2;;R;502;;G_RTU-TCP Local Beurrerie;D27;Beurrerie
2;24;;R2;;R;502;;G_RTU-TCP Local Beurrerie;D27;Beurrerie
2;25;;R2;;R;502;;G_RTU-TCP Local Beurrerie;D27;Beurrerie
2;26;;R2;;R;502;;G_RTU-TCP Local Beurrerie;D27;Beurrerie
2;27;;R2;;R;502;;G_RTU-TCP Local Beurrerie;D27;Beurrerie
2;28;;R2;;R;502;;G_RTU-TCP Local Beurrerie;D27;Beurrerie
2;29;;R2;;R;502;;G_RTU-TCP Local Beurrerie;D27;Beurrerie
2;30;;R2;;R;502;;G_RTU-TCP Local Beurrerie;D27;Beurrerie
3;1;;R2;;R;503;;G_RTU-TCP Local Beurrerie;D27;Beurrerie
3;2;CTC2J;R2;;R;503;;G_RTU-TCP Local Beurrerie;D27;Beurrerie
3;3;CTC2I;R2;;R;503;;G_RTU-TCP Local Beurrerie;D27;Beurrerie
3;4;CTC2H;R2;;R;503;;G_RTU-TCP Local Beurrerie;D27;Beurrerie
3;5;;R2;;R;503;;G_RTU-TCP Local Beurrerie;D27;Beurrerie
3;6;;R2;;R;503;;G_RTU-TCP Local Beurrerie;D27;Beurrerie
3;7;;R2;;R;503;;G_RTU-TCP Local Beurrerie;D27;Beurrerie
3;8;;R2;;R;503;;G_RTU-TCP Local Beurrerie;D27;Beurrerie
3;9;;R2;;R;503;;G_RTU-TCP Local Beurrerie;D27;Beurrerie
3;10;;R2;;R;503;;G_RTU-TCP Local Beurrerie;D27;Beurrerie
3;11;;R2;;R;503;;G_RTU-TCP Local Beurrerie;D27;Beurrerie
3;12;;R2;;R;503;;G_RTU-TCP Local Beurrerie;D27;Beurrerie
3;13;;R2;;R;503;;G_RTU-TCP Local Beurrerie;D27;Beurrerie
3;14;;R2;;R;503;;G_RTU-TCP Local Beurrerie;D27;Beurrerie
3;15;;R2;;R;503;;G_RTU-TCP Local Beurrerie;D27;Beurrerie
3;16;;R2;;R;503;;G_RTU-TCP Local Beurrerie;D27;Beurrerie
3;17;;R2;;R;503;;G_RTU-TCP Local Beurrerie;D27;Beurrerie
3;18;;R2;;R;503;;G_RTU-TCP Local Beurrerie;D27;Beurrerie
3;19;;R2;;R;503;;G_RTU-TCP Local Beurrerie;D27;Beurrerie
3;20;;R2;;R;503;;G_RTU-TCP Local Beurrerie;D27;Beurrerie
3;21;;R2;;R;503;;G_RTU-TCP Local Beurrerie;D27;Beurrerie
3;22;;R2;;R;503;;G_RTU-TCP Local Beurrerie;D27;Beurrerie
3;23;;R2;;R;503;;G_RTU-TCP Local Beurrerie;D27;Beurrerie
3;24;;R2;;R;503;;G_RTU-TCP Local Beurrerie;D27;Beurrerie
3;25;;R2;;R;503;;G_RTU-TCP Local Beurrerie;D27;Beurrerie
3;26;;R2;;R;503;;G_RTU-TCP Local Beurrerie;D27;Beurrerie
3;27;;R2;;R;503;;G_RTU-TCP Local Beurrerie;D27;Beurrerie
3;28;;R2;;R;503;;G_RTU-TCP Local Beurrerie;D27;Beurrerie
3;29;;R2;;R;503;;G_RTU-TCP Local Beurrerie;D27;Beurrerie
3;30;;R2;;R;503;;G_RTU-TCP Local Beurrerie;D27;Beurrerie
3;1;;R2;;R;504;;G_RTU-TCP Local Beurrerie;D27;Beurrerie
3;2;;R2;;R;504;;G_RTU-TCP Local Beurrerie;D27;Beurrerie
3;3;;R2;;R;504;;G_RTU-TCP Local Beurrerie;D27;Beurrerie
3;4;;R2;;R;504;;G_RTU-TCP Local Beurrerie;D27;Beurrerie
3;5;;R2;;R;504;;G_RTU-TCP Local Beurrerie;D27;Beurrerie
3;6;;R2;;R;504;;G_RTU-TCP Local Beurrerie;D27;Beurrerie
3;7;;R2;;R;504;;G_RTU-TCP Local Beurrerie;D27;Beurrerie
3;8;;R2;;R;504;;G_RTU-TCP Local Beurrerie;D27;Beurrerie
3;9;;R2;;R;504;;G_RTU-TCP Local Beurrerie;D27;Beurrerie
3;10;;R2;;R;504;;G_RTU-TCP Local Beurrerie;D27;Beurrerie
3;11;;R2;;R;504;;G_RTU-TCP Local Beurrerie;D27;Beurrerie
3;12;;R2;;R;504;;G_RTU-TCP Local Beurrerie;D27;Beurrerie
3;13;;R2;;R;504;;G_RTU-TCP Local Beurrerie;D27;Beurrerie
3;14;;R2;;R;504;;G_RTU-TCP Local Beurrerie;D27;Beurrerie
3;15;;R2;;R;504;;G_RTU-TCP Local Beurrerie;D27;Beurrerie
3;16;;R2;;R;504;;G_RTU-TCP Local Beurrerie;D27;Beurrerie
3;17;;R2;;R;504;;G_RTU-TCP Local Beurrerie;D27;Beurrerie
3;18;;R2;;R;504;;G_RTU-TCP Local Beurrerie;D27;Beurrerie
3;19;;R2;;R;504;;G_RTU-TCP Local Beurrerie;D27;Beurrerie
3;20;;R2;;R;504;;G_RTU-TCP Local Beurrerie;D27;Beurrerie
3;21;;R2;;R;504;;G_RTU-TCP Local Beurrerie;D27;Beurrerie
3;22;;R2;;R;504;;G_RTU-TCP Local Beurrerie;D27;Beurrerie
3;23;;R2;;R;504;;G_RTU-TCP Local Beurrerie;D27;Beurrerie
3;24;;R2;;R;504;;G_RTU-TCP Local Beurrerie;D27;Beurrerie
3;25;;R2;;R;504;;G_RTU-TCP Local Beurrerie;D27;Beurrerie
3;26;;R2;;R;504;;G_RTU-TCP Local Beurrerie;D27;Beurrerie
3;27;;R2;;R;504;;G_RTU-TCP Local Beurrerie;D27;Beurrerie
3;28;;R2;;R;504;;G_RTU-TCP Local Beurrerie;D27;Beurrerie
3;29;;R2;;R;504;;G_RTU-TCP Local Beurrerie;D27;Beurrerie
3;30;;R2;;R;504;;G_RTU-TCP Local Beurrerie;D27;Beurrerie
4;1;;R3;;R;502;;G_RTU-TCP Local Serveur Process;D2C;Local serveur Production
4;2;CTC2B;R3;;R;502;;G_RTU-TCP Local Serveur Process;D2C;Local serveur Production
4;3;CTC2E;R3;;R;502;;G_RTU-TCP Local Serveur Process;D2C;Local serveur Production
4;4;;R3;;R;502;;G_RTU-TCP Local Serveur Process;D2C;Local serveur Production
4;5;;R3;;R;502;;G_RTU-TCP Local Serveur Process;D2C;Local serveur Production
4;6;;R3;;R;502;;G_RTU-TCP Local Serveur Process;D2C;Local serveur Production
4;7;;R3;;R;502;;G_RTU-TCP Local Serveur Process;D2C;Local serveur Production
4;8;;R3;;R;502;;G_RTU-TCP Local Serveur Process;D2C;Local serveur Production
4;9;;R3;;R;502;;G_RTU-TCP Local Serveur Process;D2C;Local serveur Production
4;10;;R3;;R;502;;G_RTU-TCP Local Serveur Process;D2C;Local serveur Production
4;11;;R3;;R;502;;G_RTU-TCP Local Serveur Process;D2C;Local serveur Production
4;12;;R3;;R;502;;G_RTU-TCP Local Serveur Process;D2C;Local serveur Production
4;13;;R3;;R;502;;G_RTU-TCP Local Serveur Process;D2C;Local serveur Production
4;14;;R3;;R;502;;G_RTU-TCP Local Serveur Process;D2C;Local serveur Production
4;15;;R3;;R;502;;G_RTU-TCP Local Serveur Process;D2C;Local serveur Production
4;16;;R3;;R;502;;G_RTU-TCP Local Serveur Process;D2C;Local serveur Production
4;17;;R3;;R;502;;G_RTU-TCP Local Serveur Process;D2C;Local serveur Production
4;18;;R3;;R;502;;G_RTU-TCP Local Serveur Process;D2C;Local serveur Production
4;19;;R3;;R;502;;G_RTU-TCP Local Serveur Process;D2C;Local serveur Production
4;20;;R3;;R;502;;G_RTU-TCP Local Serveur Process;D2C;Local serveur Production
4;21;;R3;;R;502;;G_RTU-TCP Local Serveur Process;D2C;Local serveur Production
4;22;;R3;;R;502;;G_RTU-TCP Local Serveur Process;D2C;Local serveur Production
4;23;;R3;;R;502;;G_RTU-TCP Local Serveur Process;D2C;Local serveur Production
4;24;;R3;;R;502;;G_RTU-TCP Local Serveur Process;D2C;Local serveur Production
4;25;;R3;;R;502;;G_RTU-TCP Local Serveur Process;D2C;Local serveur Production
4;26;;R3;;R;502;;G_RTU-TCP Local Serveur Process;D2C;Local serveur Production
4;27;;R3;;R;502;;G_RTU-TCP Local Serveur Process;D2C;Local serveur Production
4;28;;R3;;R;502;;G_RTU-TCP Local Serveur Process;D2C;Local serveur Production
4;29;;R3;;R;502;;G_RTU-TCP Local Serveur Process;D2C;Local serveur Production
4;30;;R3;;R;502;;G_RTU-TCP Local Serveur Process;D2C;Local serveur Production
5;1;;R3;;R;503;;G_RTU-TCP Local Serveur Process;D2C;Local serveur Production
5;2;CTC2A;R3;;R;503;;G_RTU-TCP Local Serveur Process;D2C;Local serveur Production
5;3;;R3;;R;503;;G_RTU-TCP Local Serveur Process;D2C;Local serveur Production
5;4;;R3;;R;503;;G_RTU-TCP Local Serveur Process;D2C;Local serveur Production
5;5;;R3;;R;503;;G_RTU-TCP Local Serveur Process;D2C;Local serveur Production
5;6;;R3;;R;503;;G_RTU-TCP Local Serveur Process;D2C;Local serveur Production
5;7;;R3;;R;503;;G_RTU-TCP Local Serveur Process;D2C;Local serveur Production
5;8;;R3;;R;503;;G_RTU-TCP Local Serveur Process;D2C;Local serveur Production
5;9;;R3;;R;503;;G_RTU-TCP Local Serveur Process;D2C;Local serveur Production
5;10;;R3;;R;503;;G_RTU-TCP Local Serveur Process;D2C;Local serveur Production
5;11;;R3;;R;503;;G_RTU-TCP Local Serveur Process;D2C;Local serveur Production
5;12;;R3;;R;503;;G_RTU-TCP Local Serveur Process;D2C;Local serveur Production
5;13;;R3;;R;503;;G_RTU-TCP Local Serveur Process;D2C;Local serveur Production
5;14;;R3;;R;503;;G_RTU-TCP Local Serveur Process;D2C;Local serveur Production
5;15;;R3;;R;503;;G_RTU-TCP Local Serveur Process;D2C;Local serveur Production
5;16;;R3;;R;503;;G_RTU-TCP Local Serveur Process;D2C;Local serveur Production
5;17;;R3;;R;503;;G_RTU-TCP Local Serveur Process;D2C;Local serveur Production
5;18;;R3;;R;503;;G_RTU-TCP Local Serveur Process;D2C;Local serveur Production
5;19;;R3;;R;503;;G_RTU-TCP Local Serveur Process;D2C;Local serveur Production
5;20;;R3;;R;503;;G_RTU-TCP Local Serveur Process;D2C;Local serveur Production
5;21;;R3;;R;503;;G_RTU-TCP Local Serveur Process;D2C;Local serveur Production
5;22;;R3;;R;503;;G_RTU-TCP Local Serveur Process;D2C;Local serveur Production
5;23;;R3;;R;503;;G_RTU-TCP Local Serveur Process;D2C;Local serveur Production
5;24;;R3;;R;503;;G_RTU-TCP Local Serveur Process;D2C;Local serveur Production
5;25;;R3;;R;503;;G_RTU-TCP Local Serveur Process;D2C;Local serveur Production
5;26;;R3;;R;503;;G_RTU-TCP Local Serveur Process;D2C;Local serveur Production
5;27;;R3;;R;503;;G_RTU-TCP Local Serveur Process;D2C;Local serveur Production
5;28;;R3;;R;503;;G_RTU-TCP Local Serveur Process;D2C;Local serveur Production
5;29;;R3;;R;503;;G_RTU-TCP Local Serveur Process;D2C;Local serveur Production
5;30;;R3;;R;503;;G_RTU-TCP Local Serveur Process;D2C;Local serveur Production
5;1;;R3;;R;504;;G_RTU-TCP Local Serveur Process;D2C;Local serveur Production
5;2;;R3;;R;504;;G_RTU-TCP Local Serveur Process;D2C;Local serveur Production
5;3;;R3;;R;504;;G_RTU-TCP Local Serveur Process;D2C;Local serveur Production
5;4;;R3;;R;504;;G_RTU-TCP Local Serveur Process;D2C;Local serveur Production
5;5;;R3;;R;504;;G_RTU-TCP Local Serveur Process;D2C;Local serveur Production
5;6;;R3;;R;504;;G_RTU-TCP Local Serveur Process;D2C;Local serveur Production
5;7;;R3;;R;504;;G_RTU-TCP Local Serveur Process;D2C;Local serveur Production
5;8;;R3;;R;504;;G_RTU-TCP Local Serveur Process;D2C;Local serveur Production
5;9;;R3;;R;504;;G_RTU-TCP Local Serveur Process;D2C;Local serveur Production
5;10;;R3;;R;504;;G_RTU-TCP Local Serveur Process;D2C;Local serveur Production
5;11;;R3;;R;504;;G_RTU-TCP Local Serveur Process;D2C;Local serveur Production
5;12;;R3;;R;504;;G_RTU-TCP Local Serveur Process;D2C;Local serveur Production
5;13;;R3;;R;504;;G_RTU-TCP Local Serveur Process;D2C;Local serveur Production
5;14;;R3;;R;504;;G_RTU-TCP Local Serveur Process;D2C;Local serveur Production
5;15;;R3;;R;504;;G_RTU-TCP Local Serveur Process;D2C;Local serveur Production
5;16;;R3;;R;504;;G_RTU-TCP Local Serveur Process;D2C;Local serveur Production
5;17;;R3;;R;504;;G_RTU-TCP Local Serveur Process;D2C;Local serveur Production
5;18;;R3;;R;504;;G_RTU-TCP Local Serveur Process;D2C;Local serveur Production
5;19;;R3;;R;504;;G_RTU-TCP Local Serveur Process;D2C;Local serveur Production
5;20;;R3;;R;504;;G_RTU-TCP Local Serveur Process;D2C;Local serveur Production
5;21;;R3;;R;504;;G_RTU-TCP Local Serveur Process;D2C;Local serveur Production
5;22;;R3;;R;504;;G_RTU-TCP Local Serveur Process;D2C;Local serveur Production
5;23;;R3;;R;504;;G_RTU-TCP Local Serveur Process;D2C;Local serveur Production
5;24;;R3;;R;504;;G_RTU-TCP Local Serveur Process;D2C;Local serveur Production
5;25;;R3;;R;504;;G_RTU-TCP Local Serveur Process;D2C;Local serveur Production
5;26;;R3;;R;504;;G_RTU-TCP Local Serveur Process;D2C;Local serveur Production
5;27;;R3;;R;504;;G_RTU-TCP Local Serveur Process;D2C;Local serveur Production
5;28;;R3;;R;504;;G_RTU-TCP Local Serveur Process;D2C;Local serveur Production
5;29;;R3;;R;504;;G_RTU-TCP Local Serveur Process;D2C;Local serveur Production
5;30;;R3;;R;504;;G_RTU-TCP Local Serveur Process;D2C;Local serveur Production
6;1;;R4;;R;502;;G_RTU-TCP Local Matiere Premiere;D6;Matiere_Premiere_P1
6;2;CTC6;R4;;R;502;;G_RTU-TCP Local Matiere Premiere;D6;Matiere_Premiere_P1
6;3;;R4;;R;502;;G_RTU-TCP Local Matiere Premiere;D6;Matiere_Premiere_P1
6;4;;R4;;R;502;;G_RTU-TCP Local Matiere Premiere;D6;Matiere_Premiere_P1
6;5;;R4;;R;502;;G_RTU-TCP Local Matiere Premiere;D6;Matiere_Premiere_P1
6;6;;R4;;R;502;;G_RTU-TCP Local Matiere Premiere;D6;Matiere_Premiere_P1
6;7;;R4;;R;502;;G_RTU-TCP Local Matiere Premiere;D6;Matiere_Premiere_P1
6;8;;R4;;R;502;;G_RTU-TCP Local Matiere Premiere;D6;Matiere_Premiere_P1
6;9;;R4;;R;502;;G_RTU-TCP Local Matiere Premiere;D6;Matiere_Premiere_P1
6;10;;R4;;R;502;;G_RTU-TCP Local Matiere Premiere;D6;Matiere_Premiere_P1
6;11;;R4;;R;502;;G_RTU-TCP Local Matiere Premiere;D6;Matiere_Premiere_P1
6;12;;R4;;R;502;;G_RTU-TCP Local Matiere Premiere;D6;Matiere_Premiere_P1
6;13;;R4;;R;502;;G_RTU-TCP Local Matiere Premiere;D6;Matiere_Premiere_P1
6;14;;R4;;R;502;;G_RTU-TCP Local Matiere Premiere;D6;Matiere_Premiere_P1
6;15;;R4;;R;502;;G_RTU-TCP Local Matiere Premiere;D6;Matiere_Premiere_P1
6;16;;R4;;R;502;;G_RTU-TCP Local Matiere Premiere;D6;Matiere_Premiere_P1
6;17;;R4;;R;502;;G_RTU-TCP Local Matiere Premiere;D6;Matiere_Premiere_P1
6;18;;R4;;R;502;;G_RTU-TCP Local Matiere Premiere;D6;Matiere_Premiere_P1
6;19;;R4;;R;502;;G_RTU-TCP Local Matiere Premiere;D6;Matiere_Premiere_P1
6;20;;R4;;R;502;;G_RTU-TCP Local Matiere Premiere;D6;Matiere_Premiere_P1
6;21;;R4;;R;502;;G_RTU-TCP Local Matiere Premiere;D6;Matiere_Premiere_P1
6;22;;R4;;R;502;;G_RTU-TCP Local Matiere Premiere;D6;Matiere_Premiere_P1
6;23;;R4;;R;502;;G_RTU-TCP Local Matiere Premiere;D6;Matiere_Premiere_P1
6;24;;R4;;R;502;;G_RTU-TCP Local Matiere Premiere;D6;Matiere_Premiere_P1
6;25;;R4;;R;502;;G_RTU-TCP Local Matiere Premiere;D6;Matiere_Premiere_P1
6;26;;R4;;R;502;;G_RTU-TCP Local Matiere Premiere;D6;Matiere_Premiere_P1
6;27;;R4;;R;502;;G_RTU-TCP Local Matiere Premiere;D6;Matiere_Premiere_P1
6;28;;R4;;R;502;;G_RTU-TCP Local Matiere Premiere;D6;Matiere_Premiere_P1
6;29;;R4;;R;502;;G_RTU-TCP Local Matiere Premiere;D6;Matiere_Premiere_P1
6;30;;R4;;R;502;;G_RTU-TCP Local Matiere Premiere;D6;Matiere_Premiere_P1
6;1;;R4;;R;503;;G_RTU-TCP Local Matiere Premiere;D6;Matiere_Premiere_P1
6;2;;R4;;R;503;;G_RTU-TCP Local Matiere Premiere;D6;Matiere_Premiere_P1
6;3;;R4;;R;503;;G_RTU-TCP Local Matiere Premiere;D6;Matiere_Premiere_P1
6;4;;R4;;R;503;;G_RTU-TCP Local Matiere Premiere;D6;Matiere_Premiere_P1
6;5;;R4;;R;503;;G_RTU-TCP Local Matiere Premiere;D6;Matiere_Premiere_P1
6;6;;R4;;R;503;;G_RTU-TCP Local Matiere Premiere;D6;Matiere_Premiere_P1
6;7;;R4;;R;503;;G_RTU-TCP Local Matiere Premiere;D6;Matiere_Premiere_P1
6;8;;R4;;R;503;;G_RTU-TCP Local Matiere Premiere;D6;Matiere_Premiere_P1
6;9;;R4;;R;503;;G_RTU-TCP Local Matiere Premiere;D6;Matiere_Premiere_P1
6;10;;R4;;R;503;;G_RTU-TCP Local Matiere Premiere;D6;Matiere_Premiere_P1
6;11;;R4;;R;503;;G_RTU-TCP Local Matiere Premiere;D6;Matiere_Premiere_P1
6;12;;R4;;R;503;;G_RTU-TCP Local Matiere Premiere;D6;Matiere_Premiere_P1
6;13;;R4;;R;503;;G_RTU-TCP Local Matiere Premiere;D6;Matiere_Premiere_P1
6;14;;R4;;R;503;;G_RTU-TCP Local Matiere Premiere;D6;Matiere_Premiere_P1
6;15;;R4;;R;503;;G_RTU-TCP Local Matiere Premiere;D6;Matiere_Premiere_P1
6;16;;R4;;R;503;;G_RTU-TCP Local Matiere Premiere;D6;Matiere_Premiere_P1
6;17;;R4;;R;503;;G_RTU-TCP Local Matiere Premiere;D6;Matiere_Premiere_P1
6;18;;R4;;R;503;;G_RTU-TCP Local Matiere Premiere;D6;Matiere_Premiere_P1
6;19;;R4;;R;503;;G_RTU-TCP Local Matiere Premiere;D6;Matiere_Premiere_P1
6;20;;R4;;R;503;;G_RTU-TCP Local Matiere Premiere;D6;Matiere_Premiere_P1
6;21;;R4;;R;503;;G_RTU-TCP Local Matiere Premiere;D6;Matiere_Premiere_P1
6;22;;R4;;R;503;;G_RTU-TCP Local Matiere Premiere;D6;Matiere_Premiere_P1
6;23;;R4;;R;503;;G_RTU-TCP Local Matiere Premiere;D6;Matiere_Premiere_P1
6;24;;R4;;R;503;;G_RTU-TCP Local Matiere Premiere;D6;Matiere_Premiere_P1
6;25;;R4;;R;503;;G_RTU-TCP Local Matiere Premiere;D6;Matiere_Premiere_P1
6;26;;R4;;R;503;;G_RTU-TCP Local Matiere Premiere;D6;Matiere_Premiere_P1
6;27;;R4;;R;503;;G_RTU-TCP Local Matiere Premiere;D6;Matiere_Premiere_P1
6;28;;R4;;R;503;;G_RTU-TCP Local Matiere Premiere;D6;Matiere_Premiere_P1
6;29;;R4;;R;503;;G_RTU-TCP Local Matiere Premiere;D6;Matiere_Premiere_P1
6;30;;R4;;R;503;;G_RTU-TCP Local Matiere Premiere;D6;Matiere_Premiere_P1
6;1;;R4;;R;504;;G_RTU-TCP Local Matiere Premiere;D6;Matiere_Premiere_P1
6;2;;R4;;R;504;;G_RTU-TCP Local Matiere Premiere;D6;Matiere_Premiere_P1
6;3;;R4;;R;504;;G_RTU-TCP Local Matiere Premiere;D6;Matiere_Premiere_P1
6;4;;R4;;R;504;;G_RTU-TCP Local Matiere Premiere;D6;Matiere_Premiere_P1
6;5;;R4;;R;504;;G_RTU-TCP Local Matiere Premiere;D6;Matiere_Premiere_P1
6;6;;R4;;R;504;;G_RTU-TCP Local Matiere Premiere;D6;Matiere_Premiere_P1
6;7;;R4;;R;504;;G_RTU-TCP Local Matiere Premiere;D6;Matiere_Premiere_P1
6;8;;R4;;R;504;;G_RTU-TCP Local Matiere Premiere;D6;Matiere_Premiere_P1
6;9;;R4;;R;504;;G_RTU-TCP Local Matiere Premiere;D6;Matiere_Premiere_P1
6;10;;R4;;R;504;;G_RTU-TCP Local Matiere Premiere;D6;Matiere_Premiere_P1
6;11;;R4;;R;504;;G_RTU-TCP Local Matiere Premiere;D6;Matiere_Premiere_P1
6;12;;R4;;R;504;;G_RTU-TCP Local Matiere Premiere;D6;Matiere_Premiere_P1
6;13;;R4;;R;504;;G_RTU-TCP Local Matiere Premiere;D6;Matiere_Premiere_P1
6;14;;R4;;R;504;;G_RTU-TCP Local Matiere Premiere;D6;Matiere_Premiere_P1
6;15;;R4;;R;504;;G_RTU-TCP Local Matiere Premiere;D6;Matiere_Premiere_P1
6;16;;R4;;R;504;;G_RTU-TCP Local Matiere Premiere;D6;Matiere_Premiere_P1
6;17;;R4;;R;504;;G_RTU-TCP Local Matiere Premiere;D6;Matiere_Premiere_P1
6;18;;R4;;R;504;;G_RTU-TCP Local Matiere Premiere;D6;Matiere_Premiere_P1
6;19;;R4;;R;504;;G_RTU-TCP Local Matiere Premiere;D6;Matiere_Premiere_P1
6;20;;R4;;R;504;;G_RTU-TCP Local Matiere Premiere;D6;Matiere_Premiere_P1
6;21;;R4;;R;504;;G_RTU-TCP Local Matiere Premiere;D6;Matiere_Premiere_P1
6;22;;R4;;R;504;;G_RTU-TCP Local Matiere Premiere;D6;Matiere_Premiere_P1
6;23;;R4;;R;504;;G_RTU-TCP Local Matiere Premiere;D6;Matiere_Premiere_P1
6;24;;R4;;R;504;;G_RTU-TCP Local Matiere Premiere;D6;Matiere_Premiere_P1
6;25;;R4;;R;504;;G_RTU-TCP Local Matiere Premiere;D6;Matiere_Premiere_P1
6;26;;R4;;R;504;;G_RTU-TCP Local Matiere Premiere;D6;Matiere_Premiere_P1
6;27;;R4;;R;504;;G_RTU-TCP Local Matiere Premiere;D6;Matiere_Premiere_P1
6;28;;R4;;R;504;;G_RTU-TCP Local Matiere Premiere;D6;Matiere_Premiere_P1
6;29;;R4;;R;504;;G_RTU-TCP Local Matiere Premiere;D6;Matiere_Premiere_P1
6;30;;R4;;R;504;;G_RTU-TCP Local Matiere Premiere;D6;Matiere_Premiere_P1
7;1;CTC4R;R5;Temperature_ANA;A;80:40000;;G_ANA-TCP LABO PHY-Chimique;D42;LAB_PhysicoChimique
7;1;CTC4L;R5;Temperature_ANA;A;80:40001;;G_ANA-TCP LABO PHY-Chimique;D42;LAB_PhysicoChimique
7;1;CTC4M;R5;Temperature_ANA;A;80:40002;;G_ANA-TCP LABO PHY-Chimique;D42;LAB_PhysicoChimique
7;1;CTC4N;R5;Temperature_ANA;A;80:40003;;G_ANA-TCP LABO PHY-Chimique;D42;LAB_PhysicoChimique
7;1;CTC4O;R5;Temperature_ANA;A;80:40004;;G_ANA-TCP LABO PHY-Chimique;D42;LAB_PhysicoChimique
7;1;CTC4P;R5;Temperature_ANA;A;80:40005;;G_ANA-TCP LABO PHY-Chimique;D42;LAB_PhysicoChimique
7;1;;R5;;A;80:40006;;G_ANA-TCP LABO PHY-Chimique;D42;LAB_PhysicoChimique
7;1;;R5;;A;80:40007;;G_ANA-TCP LABO PHY-Chimique;D42;LAB_PhysicoChimique
7;1;;R5;;A;80:40008;;G_ANA-TCP LABO PHY-Chimique;D42;LAB_PhysicoChimique
7;1;;R5;;A;80:40009;;G_ANA-TCP LABO PHY-Chimique;D42;LAB_PhysicoChimique
8;1;CTC4H;R6;Temperature_ANA;A;80:40000;;G_ANA-TCP LABO Bacterio 1;D41;LAB_Bacterio
8;1;CTC4A;R6;Temperature_ANA;A;80:40001;;G_ANA-TCP LABO Bacterio 1;D41;LAB_Bacterio
8;1;CTC4K;R6;Temperature_ANA;A;80:40002;;G_ANA-TCP LABO Bacterio 1;D41;LAB_Bacterio
8;1;CTC4B;R6;Temperature_ANA;A;80:40003;;G_ANA-TCP LABO Bacterio 1;D41;LAB_Bacterio
8;1;CTC4C;R6;Temperature_ANA;A;80:40004;;G_ANA-TCP LABO Bacterio 1;D41;LAB_Bacterio
8;1;CTC4D;R6;Temperature_ANA;A;80:40005;;G_ANA-TCP LABO Bacterio 1;D41;LAB_Bacterio
8;1;CTC4E;R6;Temperature_ANA;A;80:40006;;G_ANA-TCP LABO Bacterio 1;D41;LAB_Bacterio
8;1;CTC4F;R6;Temperature_ANA;A;80:40007;;G_ANA-TCP LABO Bacterio 1;D41;LAB_Bacterio
8;1;CTC4G;R6;Temperature_ANA;A;80:40008;;G_ANA-TCP LABO Bacterio 1;D41;LAB_Bacterio
8;1;;R6;;A;80:40009;;G_ANA-TCP LABO Bacterio 1;D41;LAB_Bacterio
9;1;CTC4I;R7;Temperature_ANA;A;80:40000;;G_ANA-TCP LABO Bacterio 2;D41;LAB_Bacterio
9;1;CTC4J;R7;Temperature_ANA;A;80:40001;;G_ANA-TCP LABO Bacterio 2;D41;LAB_Bacterio
9;1;;R7;;A;80:40002;;G_ANA-TCP LABO Bacterio 2;D41;LAB_Bacterio
9;1;;R7;;A;80:40003;;G_ANA-TCP LABO Bacterio 2;D41;LAB_Bacterio
9;1;;R7;;A;80:40004;;G_ANA-TCP LABO Bacterio 2;D41;LAB_Bacterio
9;1;;R7;;A;80:40005;;G_ANA-TCP LABO Bacterio 2;D41;LAB_Bacterio
9;1;;R7;;A;80:40006;;G_ANA-TCP LABO Bacterio 2;D41;LAB_Bacterio
9;1;;R7;;A;80:40007;;G_ANA-TCP LABO Bacterio 2;D41;LAB_Bacterio
9;1;;R7;;A;80:40008;;G_ANA-TCP LABO Bacterio 2;D41;LAB_Bacterio
9;1;;R7;;A;80:40009;;G_ANA-TCP LABO Bacterio 2;D41;LAB_Bacterio
10;1;CTC5A;R8;Temperature_ANA;A;80:40000;;G_ANA-TCP Salle Fermentation;D5;Salle_De_Fermentation
10;1;CTC5B;R8;Temperature_ANA;A;80:40001;;G_ANA-TCP Salle Fermentation;D5;Salle_De_Fermentation
10;1;CTC5C;R8;Temperature_ANA;A;80:40002;;G_ANA-TCP Salle Fermentation;D5;Salle_De_Fermentation
10;1;CTC5D;R8;Temperature_ANA;A;80:40003;;G_ANA-TCP Salle Fermentation;D5;Salle_De_Fermentation
10;1;CTC5E;R8;Temperature_ANA;A;80:40004;;G_ANA-TCP Salle Fermentation;D5;Salle_De_Fermentation
10;1;CTC5F;R8;Temperature_ANA;A;80:40005;;G_ANA-TCP Salle Fermentation;D5;Salle_De_Fermentation
10;1;CTC5G;R8;Temperature_ANA;A;80:40006;;G_ANA-TCP Salle Fermentation;D5;Salle_De_Fermentation
10;1;CTC5H;R8;Temperature_ANA;A;80:40007;;G_ANA-TCP Salle Fermentation;D5;Salle_De_Fermentation
10;1;;R8;;A;80:40008;;G_ANA-TCP Salle Fermentation;D5;Salle_De_Fermentation
10;1;;R8;;A;80:40009;;G_ANA-TCP Salle Fermentation;D5;Salle_De_Fermentation
