Date;energie;Code;T°c LIVE;<T°c >;T°c min;T°c Max;C %;Inc;Time
7/21/2020;Temperature;CTCA;0;0;0;0;57.41;695;09:12:44
7/21/2020;Temperature;CTCA;0;0;0;0;57.41;695;09:22:00
7/21/2020;Temperature;CTCA;0;0;0;0;57.41;695;09:37:01
7/21/2020;Temperature;CTCA;0;0;0;0;57.41;695;09:43:29
7/21/2020;Temperature;CTCA;0;0;0;0;57.41;695;09:45:37
7/21/2020;Temperature;CTCA;0;0;0;0;57.41;695;10:00:51
7/21/2020;Temperature;CTCA;0;0;0;0;57.41;695;10:04:55
7/21/2020;Temperature;CTCA;0;0;0;0;57.41;695;10:06:20
7/21/2020;Temperature;CTCA;0;0;0;0;57.41;695;10:41:08
7/21/2020;Temperature;CTCA;0;0;0;0;89.89;321;10:41:28
7/21/2020;Temperature;CTCA;0;0;0;0;94.55;186;10:41:45
7/21/2020;Temperature;CTCA;0;0;0;0;57.66;691;11:01:47
7/21/2020;Temperature;CTCA;0;0;0;0;53.74;691;11:03:08
7/21/2020;Temperature;CTCA;0;0;0;0;57.66;691;11:04:25
7/21/2020;Temperature;CTCA;0;0;0;0;57.66;691;11:05:53
7/21/2020;Temperature;CTCA;0;0;0;0;57.66;691;11:07:08
7/21/2020;Temperature;CTCA;0;0;0;0;100;0;13:29:14
7/21/2020;Temperature;CTCA;0;0;0;0;57.66;691;13:30:08
7/21/2020;Temperature;CTCA;0;0;0;0;100;0;14:20:10
7/21/2020;Temperature;CTCA;0;0;0;0;52.02;691;14:20:37
7/21/2020;Temperature;CTCA;0;0;0;0;96.81;290;14:20:48
7/21/2020;Temperature;CTCA;0;0;0;0;96.81;96.81;14:20:51
7/21/2020;Temperature;CTCA;0;0;0;0;100;0;14:21:45
7/21/2020;Temperature;CTCA;0;0;0;0;100;100;14:21:53
7/21/2020;Temperature;CTCA;0;0;0;0;93.87;319;14:22:03
7/21/2020;Temperature;CTCA;0;0;0;0;57.66;691;14:23:59
7/21/2020;Temperature;CTCA;0;0;0;0;96.51;290;14:24:08
7/21/2020;Temperature;CTCA;0;0;0;0;57.66;691;14:25:00
7/21/2020;Temperature;CTCA;0;0;0;0;82.23;298;14:26:33
7/21/2020;Temperature;CTCA;0;0;0;0;92.59;21;14:28:06
7/21/2020;Temperature;CTCA;0;0;0;0;65.81;552;15:00:29
7/21/2020;Temperature;CTCA;0;0;0;0;76.84;691;15:00:59
7/21/2020;Temperature;CTCA;0;0;0;0;76.84;76.84;15:01:02
7/21/2020;Temperature;CTCA;0;0;0;0;95.34;293;15:01:10
7/21/2020;Temperature;CTCA;0;0;0;0;95.34;95.34;15:01:11
7/21/2020;Temperature;CTCA;0;0;0;0;95.34;95.34;15:01:12
7/21/2020;Temperature;CTCA;0;0;0;0;60.72;641;15:03:58
7/21/2020;Temperature;CTCA;0;0;0;0;57.66;691;15:09:35
7/21/2020;Temperature;CTCA;0;0;0;0;53.74;691;15:10:37
7/21/2020;Temperature;CTCA;0;0;0;0;100;0;15:11:46
7/22/2020;Temperature;CTCA;0;0;0;0;100;0;09:59:46
7/22/2020;Temperature;CTCA;0;0;0;0;100;5;10:01:44
7/22/2020;Temperature;CTCA;0;0;0;0;100;0;11:07:13
7/22/2020;Temperature;CTCA;0;0;0;0;100;0;11:34:00
7/22/2020;Temperature;CTCA;0;0;0;0;100;0;11:49:02
7/22/2020;Temperature;CTCA;0;0;0;0;100;0;12:28:42
7/22/2020;Temperature;CTCA;0;0;0;0;100;0;12:43:44
7/22/2020;Temperature;CTCA;0;0;0;0;100;0;12:58:48
7/22/2020;Temperature;CTCA;0;0;0;0;100;0;13:39:57
7/22/2020;Temperature;CTCA;0;0;0;0;100;0;13:55:03
7/22/2020;Temperature;CTCA;0;0;0;0;100;0;14:03:10
7/22/2020;Temperature;CTCA;0;0;0;0;100;0;14:12:02
7/22/2020;Temperature;CTCA;0;0;0;0;100;0;14:12:29
7/22/2020;Temperature;CTCA;0;0;0;0;100;0;14:14:58
7/22/2020;Temperature;CTCA;0;0;0;0;100;0;14:16:20
7/22/2020;Temperature;CTCA;0;0;0;0;100;0;14:16:24
7/22/2020;Temperature;CTCA;0;0;0;0;100;0;14:31:21
7/22/2020;Temperature;CTCA;0;0;0;0;100;0;14:41:10
7/22/2020;Temperature;CTCA;0;0;0;0;100;0;14:49:46
7/22/2020;Temperature;CTCA;0;0;0;0;100;0;15:04:47
7/22/2020;Temperature;CTCA;0;0;0;0;100;0;15:16:43
7/22/2020;Temperature;CTCA;0;0;0;0;100;0;15:17:57
7/22/2020;Temperature;CTCA;0;0;0;0;100;0;15:20:23
7/22/2020;Temperature;CTCA;0;0;0;0;100;0;15:21:11
7/22/2020;Temperature;CTCA;0;0;0;0;100;0;15:36:12
7/22/2020;Temperature;CTCA;0;0;0;0;100;0;15:51:12
7/22/2020;Temperature;CTCA;0;0;0;0;100;0;16:06:13
7/22/2020;Temperature;CTCA;0;0;0;0;100;0;16:21:14
7/22/2020;Temperature;CTCA;0;0;0;0;100;0;16:36:14
7/22/2020;Temperature;CTCA;0;0;0;0;100;0;16:51:15
7/22/2020;Temperature;CTCA;0;0;0;0;100;0;17:06:15
7/22/2020;Temperature;CTCA;0;0;0;0;100;0;17:21:16
7/22/2020;Temperature;CTCA;0;0;0;0;100;0;17:36:17
7/22/2020;Temperature;CTCA;0;0;0;0;100;0;17:51:17
7/22/2020;Temperature;CTCA;0;0;0;0;100;0;18:06:18
7/22/2020;Temperature;CTCA;0;0;0;0;100;0;18:21:19
7/22/2020;Temperature;CTCA;0;0;0;0;100;0;18:36:19
7/22/2020;Temperature;CTCA;0;0;0;0;100;0;18:51:20
7/22/2020;Temperature;CTCA;0;0;0;0;100;0;19:06:20
7/22/2020;Temperature;CTCA;0;0;0;0;100;0;19:21:21
7/22/2020;Temperature;CTCA;0;0;0;0;100;0;19:36:22
7/22/2020;Temperature;CTCA;0;0;0;0;100;0;19:51:22
7/22/2020;Temperature;CTCA;0;0;0;0;100;0;20:06:23
7/22/2020;Temperature;CTCA;0;0;0;0;100;0;20:21:24
7/22/2020;Temperature;CTCA;0;0;0;0;100;0;20:36:24
7/22/2020;Temperature;CTCA;0;0;0;0;100;0;20:51:25
7/22/2020;Temperature;CTCA;0;0;0;0;100;0;21:06:26
7/22/2020;Temperature;CTCA;0;0;0;0;100;0;21:21:26
7/22/2020;Temperature;CTCA;0;0;0;0;100;0;21:36:27
7/22/2020;Temperature;CTCA;0;0;0;0;100;0;21:51:28
7/22/2020;Temperature;CTCA;0;0;0;0;100;0;22:06:28
7/22/2020;Temperature;CTCA;0;0;0;0;100;0;22:21:29
7/22/2020;Temperature;CTCA;0;0;0;0;100;0;22:36:29
7/22/2020;Temperature;CTCA;0;0;0;0;100;0;22:51:30
7/22/2020;Temperature;CTCA;0;0;0;0;100;0;23:06:31
7/22/2020;Temperature;CTCA;0;0;0;0;100;0;23:21:31
7/22/2020;Temperature;CTCA;0;0;0;0;100;0;23:36:32
7/22/2020;Temperature;CTCA;0;0;0;0;100;0;23:51:33
7/23/2020;Temperature;CTCA;0;0;0;0;100;0;00:06:33
7/23/2020;Temperature;CTCA;0;0;0;0;100;0;00:21:34
7/23/2020;Temperature;CTCA;0;0;0;0;100;0;00:36:35
7/23/2020;Temperature;CTCA;0;0;0;0;100;0;00:51:35
7/23/2020;Temperature;CTCA;0;0;0;0;100;0;01:06:36
7/23/2020;Temperature;CTCA;0;0;0;0;100;0;01:21:36
7/23/2020;Temperature;CTCA;0;0;0;0;100;0;01:36:37
7/23/2020;Temperature;CTCA;0;0;0;0;100;0;01:51:38
7/23/2020;Temperature;CTCA;0;0;0;0;100;0;02:06:38
7/23/2020;Temperature;CTCA;0;0;0;0;100;0;02:21:39
7/23/2020;Temperature;CTCA;0;0;0;0;100;0;02:36:40
7/23/2020;Temperature;CTCA;0;0;0;0;100;0;02:51:40
7/23/2020;Temperature;CTCA;0;0;0;0;100;0;03:06:41
7/23/2020;Temperature;CTCA;0;0;0;0;100;0;03:21:42
7/23/2020;Temperature;CTCA;0;0;0;0;100;0;03:36:42
7/23/2020;Temperature;CTCA;0;0;0;0;100;0;03:51:43
7/23/2020;Temperature;CTCA;0;0;0;0;100;0;04:06:43
7/23/2020;Temperature;CTCA;0;0;0;0;100;0;04:21:44
7/23/2020;Temperature;CTCA;0;0;0;0;100;0;04:36:45
7/23/2020;Temperature;CTCA;0;0;0;0;100;0;04:51:45
7/23/2020;Temperature;CTCA;0;0;0;0;100;0;05:06:46
7/23/2020;Temperature;CTCA;0;0;0;0;100;0;05:21:47
7/23/2020;Temperature;CTCA;0;0;0;0;100;0;05:36:47
7/23/2020;Temperature;CTCA;0;0;0;0;100;0;05:51:48
7/23/2020;Temperature;CTCA;0;0;0;0;100;0;06:06:49
7/23/2020;Temperature;CTCA;0;0;0;0;100;0;06:21:49
7/23/2020;Temperature;CTCA;0;0;0;0;100;0;06:36:50
7/23/2020;Temperature;CTCA;0;0;0;0;100;0;06:51:50
7/23/2020;Temperature;CTCA;0;0;0;0;100;0;07:06:51
7/23/2020;Temperature;CTCA;0;0;0;0;100;0;07:21:52
7/23/2020;Temperature;CTCA;0;0;0;0;100;0;07:36:52
7/23/2020;Temperature;CTCA;0;0;0;0;100;0;07:51:53
7/23/2020;Temperature;CTCA;0;0;0;0;100;0;08:06:54
7/23/2020;Temperature;CTCA;0;0;0;0;100;0;08:21:54
7/23/2020;Temperature;CTCA;0;0;0;0;100;0;08:36:55
7/23/2020;Temperature;CTCA;0;0;0;0;100;0;08:37:56
7/23/2020;Temperature;CTCA;0;0;0;0;100;0;08:48:14
7/23/2020;Temperature;CTCA;0;0;0;0;95.96;66;09:03:15
7/23/2020;Temperature;CTCA;0;0;0;0;93.75;102;09:18:17
7/23/2020;Temperature;CTCA;0;0;0;0;93.75;102;09:33:19
7/23/2020;Temperature;CTCA;0;0;0;0;93.75;102;09:45:53
7/23/2020;Temperature;CTCA;0;0;0;0;93.75;102;09:50:59
7/23/2020;Temperature;CTCA;0;0;0;0;93.75;102;11:36:53
7/23/2020;Temperature;CTCA;0;0;0;0;93.75;102;11:40:43
7/23/2020;Temperature;CTCA;0;0;0;0;93.75;102;11:50:27
7/23/2020;Temperature;CTCA;0;0;0;0;93.75;102;12:05:28
7/23/2020;Temperature;CTCA;0;0;0;0;93.75;102;12:20:29
7/23/2020;Temperature;CTCA;0;0;0;0;93.75;102;12:35:30
7/23/2020;Temperature;CTCA;0;0;0;0;93.75;102;12:50:31
7/23/2020;Temperature;CTCA;0;0;0;0;93.75;102;13:05:33
7/23/2020;Temperature;CTCA;0;0;0;0;93.75;102;13:20:34
7/23/2020;Temperature;CTCA;0;0;0;0;93.75;102;13:35:35
7/23/2020;Temperature;CTCA;0;0;0;0;93.75;102;13:50:36
7/23/2020;Temperature;CTCA;0;0;0;0;93.75;102;14:05:37
7/23/2020;Temperature;CTCA;0;0;0;0;93.75;102;14:10:10
7/23/2020;Temperature;CTCA;0;0;0;0;100;0;14:20:39
7/23/2020;Temperature;CTCA;0;0;0;0;100;0;14:35:40
7/23/2020;Temperature;CTCA;0;0;0;0;100;0;14:50:41
7/23/2020;Temperature;CTCA;0;0;0;0;100;0;15:05:42
7/23/2020;Temperature;CTCA;0;0;0;0;100;0;15:20:44
7/24/2020;Temperature;CTCA;0;0;0;0;100;0;09:14:46
7/24/2020;Temperature;CTCA;0;0;0;0;100;0;09:29:47
7/24/2020;Temperature;CTCA;0;0;0;0;100;0;09:44:49
7/24/2020;Temperature;CTCA;0;0;0;0;100;0;09:59:51
7/24/2020;Temperature;CTCA;0;0;0;0;100;0;10:14:53
7/24/2020;Temperature;CTCA;0;0;0;0;100;0;10:41:17
7/24/2020;Temperature;CTCA;0;0;0;0;100;0;10:45:59
7/24/2020;Temperature;CTCA;0;0;0;0;100;0;11:01:00
7/24/2020;Temperature;CTCA;0;0;0;0;100;0;11:16:01
7/24/2020;Temperature;CTCA;0;0;0;0;100;0;11:31:03
7/24/2020;Temperature;CTCA;0;0;0;0;100;0;11:41:18
7/24/2020;Temperature;CTCA;0;0;0;0;100;0;11:48:58
7/24/2020;Temperature;CTCA;0;0;0;0;100;0;12:11:30
7/27/2020;Temperature;CTCA;0;0;0;0;100;0;08:28:01
7/27/2020;Temperature;CTCA;0;0;0;0;100;0;08:43:02
7/27/2020;Temperature;CTCA;0;0;0;0;100;10;08:52:01
7/27/2020;Temperature;CTCA;0;0;0;0;100;10;08:54:28
7/27/2020;Temperature;CTCA;0;0;0;0;100;10;08:55:09
7/27/2020;Temperature;CTCA;0;0;0;0;100;10;08:55:33
7/27/2020;Temperature;CTCA;0;0;0;0;35.71;54;09:10:34
7/27/2020;Temperature;CTCA;0;0;0;0;35.71;54;09:25:35
7/27/2020;Temperature;CTCA;0;0;0;0;35.71;54;09:40:35
7/27/2020;Temperature;CTCA;0;0;0;0;35.71;54;09:55:36
7/27/2020;Temperature;CTCA;0;0;0;0;41.67;98;10:10:36
7/27/2020;Temperature;CTCA;0;0;0;0;41.67;98;10:25:37
7/27/2020;Temperature;CTCA;0;0;0;0;41.67;98;10:30:31
7/27/2020;Temperature;CTCA;0;0;0;0;41.67;98;10:35:02
7/27/2020;Temperature;CTCA;0;0;0;0;100;0;11:00:32
7/27/2020;Temperature;CTCA;0;0;0;0;80.56;49;11:15:32
7/27/2020;Temperature;CTCA;0;0;0;0;80.56;49;11:30:33
7/27/2020;Temperature;CTCA;0;0;0;0;80.56;49;11:45:33
7/27/2020;Temperature;CTCA;0;0;0;0;80.56;49;12:00:34
7/27/2020;Temperature;CTCA;0;0;0;0;73.81;88;12:15:35
7/27/2020;Temperature;CTCA;0;0;0;0;73.81;88;12:30:35
7/27/2020;Temperature;CTCA;0;0;0;0;73.81;88;12:45:36
7/27/2020;Temperature;CTCA;0;0;0;0;73.81;88;13:00:37
7/27/2020;Temperature;CTCA;0;0;0;0;69.29;129;13:15:37
7/27/2020;Temperature;CTCA;0;0;0;0;69.29;129;13:30:38
7/27/2020;Temperature;CTCA;0;0;0;0;69.29;129;13:36:12
7/27/2020;Temperature;CTCA;0;0;0;0;68.63;133;13:51:13
7/27/2020;Temperature;CTCA;0;0;0;0;67.27;144;14:06:13
7/27/2020;Temperature;CTCA;0;0;0;0;65.25;163;14:21:14
7/27/2020;Temperature;CTCA;0;0;0;0;64.12;174;14:36:14
7/27/2020;Temperature;CTCA;0;0;0;0;62.45;193;14:51:15
7/27/2020;Temperature;CTCA;0;0;0;0;61.51;204;15:06:15
7/27/2020;Temperature;CTCA;0;0;0;0;60.85;213;15:21:16
7/28/2020;Temperature;CTCA;0;0;0;0;60.85;213;08:09:49
7/28/2020;Temperature;CTCA;0;0;0;0;60.85;213;08:24:50
7/28/2020;Temperature;CTCA;0;0;0;0;60.73;225;08:39:50
7/28/2020;Temperature;CTCA;0;0;0;0;60.78;231;08:54:51
7/28/2020;Temperature;CTCA;0;0;0;0;59.87;248;09:09:51
7/28/2020;Temperature;CTCA;0;0;0;0;58.52;263;09:24:52
7/28/2020;Temperature;CTCA;0;0;0;0;57.77;280;09:39:52
7/28/2020;Temperature;CTCA;0;0;0;0;57;292;09:54:53
7/28/2020;Temperature;CTCA;0;0;0;0;57;292;11:41:23
7/28/2020;Temperature;CTCA;0;0;0;0;57;292;11:56:24
7/28/2020;Temperature;CTCA;0;0;0;0;57;292;12:11:24
7/28/2020;Temperature;CTCA;0;0;0;0;57;292;12:26:25
7/28/2020;Temperature;CTCA;0;0;0;0;57;292;12:41:25
7/28/2020;Temperature;CTCA;0;0;0;0;57;292;12:56:26
7/28/2020;Temperature;CTCA;0;0;0;0;57;292;13:11:26
7/28/2020;Temperature;CTCA;0;0;0;0;57;292;13:26:27
7/28/2020;Temperature;CTCA;0;0;0;0;57;292;13:41:27
7/28/2020;Temperature;CTCA;0;0;0;0;57;292;13:56:28
7/28/2020;Temperature;CTCA;0;0;0;0;57;292;14:11:29
7/28/2020;Temperature;CTCA;0;0;0;0;57;292;14:26:29
7/28/2020;Temperature;CTCA;0;0;0;0;57;292;14:41:30
7/28/2020;Temperature;CTCA;0;0;0;0;57;292;14:56:30
7/28/2020;Temperature;CTCA;0;0;0;0;57;292;15:11:31
7/29/2020;Temperature;CTCA;0;0;0;0;57;292;08:01:26
7/29/2020;Temperature;CTCA;0;0;0;0;57;292;08:16:27
7/29/2020;Temperature;CTCA;0;0;0;0;57.2;297;08:27:52
7/29/2020;Temperature;CTCA;0;0;0;0;56.29;316;08:42:53
7/29/2020;Temperature;CTCA;0;0;0;0;56.22;317;08:45:07
7/29/2020;Temperature;CTCA;0;0;0;0;85.1;139;11:03:55
7/29/2020;Temperature;CTCA;0;0;0;0;84.19;154;11:18:56
7/29/2020;Temperature;CTCA;0;0;0;0;82.72;169;11:33:56
7/29/2020;Temperature;CTCA;0;0;0;0;81.25;189;11:48:57
7/29/2020;Temperature;CTCA;0;0;0;0;80.55;200;12:03:57
7/29/2020;Temperature;CTCA;0;0;0;0;79.2;219;12:18:58
7/29/2020;Temperature;CTCA;0;0;0;0;79.13;220;12:28:33
7/29/2020;Temperature;CTCA;0;0;0;0;78.56;229;12:30:32
7/29/2020;Temperature;CTCA;0;0;0;0;78.48;230;12:38:54
7/29/2020;Temperature;CTCA;0;0;0;0;77.34;249;12:53:55
7/29/2020;Temperature;CTCA;0;0;0;0;77.29;257;13:01:16
7/29/2020;Temperature;CTCA;0;0;0;0;75.96;276;13:16:17
7/29/2020;Temperature;CTCA;0;0;0;0;75.32;292;13:31:17
7/29/2020;Temperature;CTCA;0;0;0;0;74.77;304;13:46:18
7/29/2020;Temperature;CTCA;0;0;0;0;73.87;324;14:01:18
7/29/2020;Temperature;CTCA;0;0;0;0;72.98;341;14:16:19
7/29/2020;Temperature;CTCA;0;0;0;0;72.17;361;14:31:19
7/29/2020;Temperature;CTCA;0;0;0;0;71.87;371;14:46:20
7/29/2020;Temperature;CTCA;0;0;0;0;70.97;393;15:01:20
7/29/2020;Temperature;CTCA;0;0;0;0;70.55;405;15:13:54
7/29/2020;Temperature;CTCA;0;0;0;0;70.57;405;15:16:30
7/29/2020;Temperature;CTCA;0;0;0;0;70.06;418;15:19:55
7/29/2020;Temperature;CTCA;0;0;0;0;69.81;426;15:31:06
7/29/2020;Temperature;CTCA;0;0;0;0;69.61;431;15:34:52
7/29/2020;Temperature;CTCA;0;0;0;0;69.61;431;15:36:02
7/29/2020;Temperature;CTCA;0;0;0;0;69.61;431;15:37:30
7/29/2020;Temperature;CTCA;0;0;0;0;69.61;431;15:37:56
7/30/2020;Temperature;CTCA;0;0;0;0;69.61;431;08:06:59
7/30/2020;Temperature;CTCA;0;0;0;0;69.34;439;08:22:00
7/30/2020;Temperature;CTCA;0;0;0;0;69.34;439;08:37:01
7/30/2020;Temperature;CTCA;0;0;0;0;69.34;439;08:45:04
7/30/2020;Temperature;CTCA;0;0;0;0;100;0;09:22:41
7/30/2020;Temperature;CTCA;0;0;0;0;100;0;09:24:04
7/30/2020;Temperature;CTCA;0;0;0;0;100;0;09:47:32
7/30/2020;Temperature;CTCA;0;0;0;0;100;0;09:49:38
7/30/2020;Temperature;CTCA;0;0;0;0;100;0;10:34:09
7/30/2020;Temperature;CTCA;0;0;0;0;100;0;11:32:40
8/3/2020;Temperature;CTCA;0;0;0;0;100;0;08:03:41
8/3/2020;Temperature;CTCA;0;0;0;0;99.38;9;08:18:43
8/3/2020;Temperature;CTCA;0;0;0;0;99.31;10;08:32:36
8/3/2020;Temperature;CTCA;0;0;0;0;99.11;13;08:44:05
8/3/2020;Temperature;CTCA;0;0;0;0;99.11;13;08:47:39
8/3/2020;Temperature;CTCA;0;0;0;0;98.91;16;08:49:19
8/3/2020;Temperature;CTCA;0;0;0;0;98.91;16;08:58:22
8/3/2020;Temperature;CTCA;0;0;0;0;98.91;16;08:58:46
8/3/2020;Temperature;CTCA;0;0;0;0;98.91;16;08:59:15
8/3/2020;Temperature;CTCA;0;0;0;0;98.91;16;09:00:46
8/3/2020;Temperature;CTCA;0;0;0;0;97.98;30;09:02:10
8/3/2020;Temperature;CTCA;0;0;0;0;94.63;84;10:02:14
8/3/2020;Temperature;CTCA;0;0;0;0;91.93;132;11:02:15
8/3/2020;Temperature;CTCA;0;0;0;0;91.45;141;11:09:47
8/3/2020;Temperature;CTCA;0;0;0;0;91.45;141;11:15:12
8/3/2020;Temperature;CTCA;0;0;0;0;91.14;150;11:20:35
8/3/2020;Temperature;CTCA;0;0;0;0;90.52;159;11:34:54
8/3/2020;Temperature;CTCA;0;0;0;0;90.52;159;11:35:19
8/3/2020;Temperature;CTCA;0;0;0;0;89.77;174;11:50:20
8/3/2020;Temperature;CTCA;0;0;0;0;89.32;183;12:05:21
8/3/2020;Temperature;CTCA;0;0;0;0;88.59;198;12:20:21
8/3/2020;Temperature;CTCA;0;0;0;0;88.17;207;12:35:22
8/3/2020;Temperature;CTCA;0;0;0;0;87.47;222;12:50:22
8/3/2020;Temperature;CTCA;0;0;0;0;87.07;231;13:05:23
8/3/2020;Temperature;CTCA;0;0;0;0;87.07;231;13:13:19
8/3/2020;Temperature;CTCA;0;0;0;0;86.94;234;13:28:19
8/3/2020;Temperature;CTCA;0;0;0;0;86.82;237;13:41:53
8/3/2020;Temperature;CTCA;0;0;0;0;86.7;240;13:56:53
8/3/2020;Temperature;CTCA;0;0;0;0;86.7;240;14:03:30
8/3/2020;Temperature;CTCA;0;0;0;0;86.45;246;14:21:04
8/3/2020;Temperature;CTCA;0;0;0;0;86.33;249;14:36:04
8/3/2020;Temperature;CTCA;0;0;0;0;86.21;252;14:51:05
8/3/2020;Temperature;CTCA;0;0;0;0;86.1;255;15:06:05
8/4/2020;Temperature;CTCA;0;0;0;0;86.1;255;08:04:06
8/4/2020;Temperature;CTCA;0;0;0;0;86.1;255;08:19:07
8/4/2020;Temperature;CTCA;0;0;0;0;86.1;255;08:34:07
8/4/2020;Temperature;CTCA;0;0;0;0;86.1;255;08:34:50
8/4/2020;Temperature;CTCA;0;0;0;0;86.1;255;08:45:01
8/4/2020;Temperature;CTCA;0;0;0;0;91.7;179;11:17:39
8/4/2020;Temperature;CTCA;0;0;0;0;91.7;179;11:21:04
8/4/2020;Temperature;CTCA;0;0;0;0;91.7;179;11:23:55
8/4/2020;Temperature;CTCA;0;0;0;0;91.7;179;11:59:26
8/4/2020;Temperature;CTCA;0;0;0;0;91.7;179;12:05:43
8/4/2020;Temperature;CTCA;0;0;0;0;90.72;205;12:20:43
8/4/2020;Temperature;CTCA;0;0;0;0;90.35;216;12:35:43
8/4/2020;Temperature;CTCA;0;0;0;0;89.04;251;12:50:43
8/4/2020;Temperature;CTCA;0;0;0;0;88.41;269;13:05:43
8/4/2020;Temperature;CTCA;0;0;0;0;87.69;292;13:20:43
8/4/2020;Temperature;CTCA;0;0;0;0;87.69;292;13:27:06
8/4/2020;Temperature;CTCA;0;0;0;0;87.04;311;13:33:12
8/4/2020;Temperature;CTCA;0;0;0;0;87.04;312;13:34:40
8/4/2020;Temperature;CTCA;0;0;0;0;87;312;13:36:43
8/4/2020;Temperature;CTCA;0;0;0;0;85.93;345;13:51:43
8/4/2020;Temperature;CTCA;0;0;0;0;85.29;365;14:06:43
8/4/2020;Temperature;CTCA;0;0;0;0;85.29;365;14:35:07
8/4/2020;Temperature;CTCA;0;0;0;0;85.29;365;14:42:29
8/4/2020;Temperature;CTCA;0;0;0;0;85.27;366;14:57:29
8/5/2020;Temperature;CTCA;0;0;0;0;85.24;367;08:23:05
8/5/2020;Temperature;CTCA;0;0;0;0;85.24;367;08:51:31
8/5/2020;Temperature;CTCA;0;0;0;0;85.24;367;11:06:31
8/5/2020;Temperature;CTCA;0;0;0;0;85.24;367;11:21:32
8/5/2020;Temperature;CTCA;0;0;0;0;85.24;367;11:36:32
8/5/2020;Temperature;CTCA;0;0;0;0;85.24;367;11:44:48
8/5/2020;Temperature;CTCA;0;0;0;0;85.24;367;11:45:22
8/5/2020;Temperature;CTCA;0;0;0;0;85.24;367;11:47:11
8/5/2020;Temperature;CTCA;0;0;0;0;85.24;367;12:02:12
8/5/2020;Temperature;CTCA;0;0;0;0;85.24;367;12:17:12
8/5/2020;Temperature;CTCA;0;0;0;0;85.24;367;12:18:18
8/5/2020;Temperature;CTCA;0;0;0;0;85.24;367;12:27:29
8/5/2020;Temperature;CTCA;0;0;0;0;85.24;367;12:30:07
8/7/2020;Temperature;CTCA;0;0;0;0;0;0;11:03:34
8/7/2020;Temperature;CTCA;0;0;0;0;100;0;11:05:24
8/7/2020;Temperature;CTCA;0;0;0;0;100;0;15:00:53
8/7/2020;Temperature;CTCA;0;0;0;0;100;0;15:15:54
8/8/2020;Temperature;CTCA;0;0;0;0;100;0;10:24:13
8/8/2020;Temperature;CTCA;0;0;0;0;100;0;11:09:15
8/8/2020;Temperature;CTCA;0;0;0;0;100;0;11:24:16
8/8/2020;Temperature;CTCA;0;0;0;0;100;0;11:39:17
8/8/2020;Temperature;CTCA;0;0;0;0;100;0;11:54:19
8/8/2020;Temperature;CTCA;0;0;0;0;100;0;12:09:20
8/8/2020;Temperature;CTCA;0;0;0;0;100;0;12:24:22
8/8/2020;Temperature;CTCA;0;0;0;0;100;0;12:39:23
8/8/2020;Temperature;CTCA;0;0;0;0;100;0;12:54:24
8/8/2020;Temperature;CTCA;0;0;0;0;100;0;13:09:24
8/8/2020;Temperature;CTCA;0;0;0;0;100;0;13:24:25
8/8/2020;Temperature;CTCA;0;0;0;0;100;0;13:40:26
8/8/2020;Temperature;CTCA;0;0;0;0;100;0;13:55:28
8/8/2020;Temperature;CTCA;0;0;0;0;100;0;14:11:30
8/8/2020;Temperature;CTCA;0;0;0;0;100;0;14:26:34
8/8/2020;Temperature;CTCA;0;0;0;0;100;0;14:41:34
8/8/2020;Temperature;CTCA;0;0;0;0;100;0;14:56:35
8/8/2020;Temperature;CTCA;0;0;0;0;100;0;15:11:36
8/8/2020;Temperature;CTCA;0;0;0;0;100;0;15:26:37
8/8/2020;Temperature;CTCA;0;0;0;0;100;0;15:41:38
8/8/2020;Temperature;CTCA;0;0;0;0;100;0;15:56:39
8/8/2020;Temperature;CTCA;0;0;0;0;100;0;16:11:40
8/8/2020;Temperature;CTCA;0;0;0;0;100;0;16:26:45
8/8/2020;Temperature;CTCA;0;0;0;0;100;0;16:41:46
8/8/2020;Temperature;CTCA;0;0;0;0;100;0;16:56:47
8/8/2020;Temperature;CTCA;0;0;0;0;100;0;17:11:51
8/8/2020;Temperature;CTCA;0;0;0;0;100;0;17:26:52
8/8/2020;Temperature;CTCA;0;0;0;0;100;0;17:41:53
8/8/2020;Temperature;CTCA;0;0;0;0;100;0;17:56:55
8/8/2020;Temperature;CTCA;0;0;0;0;100;0;18:11:56
8/8/2020;Temperature;CTCA;0;0;0;0;100;0;18:26:58
8/8/2020;Temperature;CTCA;0;0;0;0;100;0;18:41:59
8/8/2020;Temperature;CTCA;0;0;0;0;100;0;18:57:01
8/8/2020;Temperature;CTCA;0;0;0;0;100;0;19:12:02
8/8/2020;Temperature;CTCA;0;0;0;0;100;0;19:27:03
8/8/2020;Temperature;CTCA;0;0;0;0;100;0;19:42:04
8/8/2020;Temperature;CTCA;0;0;0;0;100;0;19:57:05
8/8/2020;Temperature;CTCA;0;0;0;0;100;0;20:12:06
8/8/2020;Temperature;CTCA;0;0;0;0;100;0;20:27:07
8/8/2020;Temperature;CTCA;0;0;0;0;100;0;20:42:07
8/8/2020;Temperature;CTCA;0;0;0;0;100;0;20:57:08
8/8/2020;Temperature;CTCA;0;0;0;0;100;0;21:12:09
8/8/2020;Temperature;CTCA;0;0;0;0;100;0;21:27:10
8/8/2020;Temperature;CTCA;0;0;0;0;100;0;21:42:10
8/8/2020;Temperature;CTCA;0;0;0;0;100;0;21:57:11
8/8/2020;Temperature;CTCA;0;0;0;0;100;0;22:12:12
8/8/2020;Temperature;CTCA;0;0;0;0;100;0;22:27:13
8/8/2020;Temperature;CTCA;0;0;0;0;100;0;22:42:13
8/8/2020;Temperature;CTCA;0;0;0;0;100;0;22:57:14
8/8/2020;Temperature;CTCA;0;0;0;0;100;0;23:12:15
8/9/2020;Temperature;CTCA;0;0;0;0;100;0;09:52:06
8/9/2020;Temperature;CTCA;0;0;0;0;100;0;10:24:47
8/9/2020;Temperature;CTCA;0;0;0;0;100;0;17:20:08
8/9/2020;Temperature;CTCA;0;0;0;0;100;0;17:35:31
8/9/2020;Temperature;CTCA;0;0;0;0;100;0;17:50:31
8/9/2020;Temperature;CTCA;0;0;0;0;100;0;18:05:32
8/9/2020;Temperature;CTCA;0;0;0;0;100;0;18:20:33
8/9/2020;Temperature;CTCA;0;0;0;0;100;0;18:35:33
8/9/2020;Temperature;CTCA;0;0;0;0;100;0;18:46:48
8/9/2020;Temperature;CTCA;0;0;0;0;100;0;18:48:20
8/10/2020;Temperature;CTCA;0;0;0;0;100;0;08:04:18
8/10/2020;Temperature;CTCA;0;0;0;0;100;0;08:19:19
8/10/2020;Temperature;CTCA;0;0;0;0;100;0;08:34:19
8/10/2020;Temperature;CTCA;0;0;0;0;49.06;27;08:46:10
8/10/2020;Temperature;CTCA;0;0;0;0;46.23;57;08:56:06
8/10/2020;Temperature;CTCA;0;0;0;0;53.25;79;09:22:04
8/10/2020;Temperature;CTCA;0;0;0;0;53.13;90;09:28:48
8/10/2020;Temperature;CTCA;0;0;0;0;49.04;159;10:10:57
8/10/2020;Temperature;CTCA;0;0;0;0;47.59;196;10:38:51
8/10/2020;Temperature;CTCA;0;0;0;0;46.48;228;10:46:38
8/10/2020;Temperature;CTCA;0;0;0;0;46.48;228;10:50:11
8/10/2020;Temperature;CTCA;0;0;0;0;46.48;228;10:50:30
8/10/2020;Temperature;CTCA;0;0;0;0;45.82;261;11:05:30
8/10/2020;Temperature;CTCA;0;0;0;0;45.4;279;11:20:30
8/10/2020;Temperature;CTCA;0;0;0;0;45.22;298;11:35:30
8/10/2020;Temperature;CTCA;0;0;0;0;44.89;313;11:47:47
8/10/2020;Temperature;CTCA;0;0;0;0;44.59;348;12:01:13
8/10/2020;Temperature;CTCA;0;0;0;0;44.05;381;12:16:14
8/10/2020;Temperature;CTCA;0;0;0;0;44.05;381;12:17:24
8/10/2020;Temperature;CTCA;0;0;0;0;44.4;397;12:32:24
8/10/2020;Temperature;CTCA;0;0;0;0;44.64;408;12:41:27
8/10/2020;Temperature;CTCA;0;0;0;0;44.53;411;12:43:27
8/10/2020;Temperature;CTCA;0;0;0;0;44.06;433;12:54:14
8/10/2020;Temperature;CTCA;0;0;0;0;44.4;447;13:07:13
8/10/2020;Temperature;CTCA;0;0;0;0;44.94;473;13:22:13
8/10/2020;Temperature;CTCA;0;0;0;0;45.45;497;13:37:13
8/10/2020;Temperature;CTCA;0;0;0;0;45.02;519;13:52:14
8/10/2020;Temperature;CTCA;0;0;0;0;45.03;536;14:07:14
8/10/2020;Temperature;CTCA;0;0;0;0;44.76;580;14:22:14
8/10/2020;Temperature;CTCA;0;0;0;0;45.24;593;14:37:15
8/10/2020;Temperature;CTCA;0;0;0;0;44.81;627;14:52:15
8/10/2020;Temperature;CTCA;0;0;0;0;45.03;642;15:07:15
8/10/2020;Temperature;CTCA;0;0;0;0;44.8;674;15:22:15
8/10/2020;Temperature;CTCA;0;0;0;0;44.53;695;15:37:16
8/10/2020;Temperature;CTCA;0;0;0;0;45.1;717;15:52:16
8/10/2020;Temperature;CTCA;0;0;0;0;45.29;732;16:07:16
8/10/2020;Temperature;CTCA;0;0;0;0;45.08;764;16:22:16
8/10/2020;Temperature;CTCA;0;0;0;0;45.33;778;16:37:17
8/10/2020;Temperature;CTCA;0;0;0;0;45.26;808;16:52:17
8/10/2020;Temperature;CTCA;0;0;0;0;45.23;826;17:07:17
8/10/2020;Temperature;CTCA;0;0;0;0;44.84;861;17:22:18
8/10/2020;Temperature;CTCA;0;0;0;0;44.95;877;17:37:18
8/10/2020;Temperature;CTCA;0;0;0;0;44.9;907;17:52:18
8/10/2020;Temperature;CTCA;0;0;0;0;45.17;920;18:07:18
8/10/2020;Temperature;CTCA;0;0;0;0;45.06;951;18:22:19
8/10/2020;Temperature;CTCA;0;0;0;0;44.87;972;18:37:19
8/10/2020;Temperature;CTCA;0;0;0;0;44.82;1002;18:52:19
8/10/2020;Temperature;CTCA;0;0;0;0;45.02;1016;19:07:20
8/10/2020;Temperature;CTCA;0;0;0;0;45.29;1040;19:22:20
8/10/2020;Temperature;CTCA;0;0;0;0;45.47;1054;19:37:20
8/10/2020;Temperature;CTCA;0;0;0;0;45.87;1075;19:52:20
8/10/2020;Temperature;CTCA;0;0;0;0;45.84;1093;20:07:21
8/10/2020;Temperature;CTCA;0;0;0;0;46.02;1118;20:22:21
8/10/2020;Temperature;CTCA;0;0;0;0;46.17;1132;20:37:21
8/10/2020;Temperature;CTCA;0;0;0;0;45.78;1169;20:52:21
8/10/2020;Temperature;CTCA;0;0;0;0;45.7;1188;21:07:22
8/10/2020;Temperature;CTCA;0;0;0;0;45.47;1222;21:22:22
8/10/2020;Temperature;CTCA;0;0;0;0;45.58;1237;21:37:22
8/10/2020;Temperature;CTCA;0;0;0;0;45.92;1258;21:52:23
8/10/2020;Temperature;CTCA;0;0;0;0;45.8;1278;22:07:23
8/10/2020;Temperature;CTCA;0;0;0;0;46.04;1301;22:22:23
8/10/2020;Temperature;CTCA;0;0;0;0;46.17;1315;22:37:23
8/10/2020;Temperature;CTCA;0;0;0;0;46.15;1344;22:52:24
8/10/2020;Temperature;CTCA;0;0;0;0;46.16;1361;23:07:24
8/10/2020;Temperature;CTCA;0;0;0;0;45.91;1396;23:22:24
8/10/2020;Temperature;CTCA;0;0;0;0;46.04;1410;23:37:25
8/10/2020;Temperature;CTCA;0;0;0;0;46.02;1439;23:52:25
8/11/2020;Temperature;CTCA;0;0;0;0;45.89;1460;00:07:25
8/11/2020;Temperature;CTCA;0;0;0;0;45.98;1486;00:22:25
8/11/2020;Temperature;CTCA;0;0;0;0;46.06;1501;00:37:26
8/11/2020;Temperature;CTCA;0;0;0;0;45.87;1535;00:52:26
8/11/2020;Temperature;CTCA;0;0;0;0;46.13;1545;01:07:26
8/11/2020;Temperature;CTCA;0;0;0;0;46.35;1567;01:22:26
8/11/2020;Temperature;CTCA;0;0;0;0;46.36;1584;01:37:27
8/11/2020;Temperature;CTCA;0;0;0;0;46.41;1611;01:52:27
8/11/2020;Temperature;CTCA;0;0;0;0;46.41;1628;02:07:27
8/11/2020;Temperature;CTCA;0;0;0;0;46.26;1661;02:22:28
8/11/2020;Temperature;CTCA;0;0;0;0;46.17;1681;02:37:28
8/11/2020;Temperature;CTCA;0;0;0;0;46.1;1712;02:52:28
8/11/2020;Temperature;CTCA;0;0;0;0;45.98;1733;03:07:28
8/11/2020;Temperature;CTCA;0;0;0;0;46;1761;03:22:29
8/11/2020;Temperature;CTCA;0;0;0;0;45.95;1780;03:37:29
8/11/2020;Temperature;CTCA;0;0;0;0;45.94;1809;03:52:29
8/11/2020;Temperature;CTCA;0;0;0;0;45.83;1830;04:07:30
8/11/2020;Temperature;CTCA;0;0;0;0;46.02;1852;04:22:30
8/11/2020;Temperature;CTCA;0;0;0;0;46.12;1866;04:37:30
8/11/2020;Temperature;CTCA;0;0;0;0;46.25;1890;04:52:30
8/11/2020;Temperature;CTCA;0;0;0;0;46.28;1906;05:07:31
8/11/2020;Temperature;CTCA;0;0;0;0;46.27;1935;05:22:31
8/11/2020;Temperature;CTCA;0;0;0;0;46.3;1951;05:37:31
8/11/2020;Temperature;CTCA;0;0;0;0;46.15;1985;05:52:31
8/11/2020;Temperature;CTCA;0;0;0;0;46.31;1996;06:07:32
8/11/2020;Temperature;CTCA;0;0;0;0;46.14;2031;06:22:32
8/11/2020;Temperature;CTCA;0;0;0;0;46.02;2053;06:37:32
8/11/2020;Temperature;CTCA;0;0;0;0;45.85;2088;06:52:33
8/11/2020;Temperature;CTCA;0;0;0;0;45.76;2109;07:07:33
8/11/2020;Temperature;CTCA;0;0;0;0;45.65;2142;07:22:33
8/11/2020;Temperature;CTCA;0;0;0;0;45.61;2161;07:37:33
8/11/2020;Temperature;CTCA;0;0;0;0;45.48;2195;07:52:34
8/11/2020;Temperature;CTCA;0;0;0;0;45.54;2209;08:03:53
8/11/2020;Temperature;CTCA;0;0;0;0;45.52;2227;08:15:05
8/11/2020;Temperature;CTCA;0;0;0;0;98.5;63;09:03:34
8/11/2020;Temperature;CTCA;0;0;0;0;98.38;68;09:21:48
8/11/2020;Temperature;CTCA;0;0;0;0;98.25;74;09:50:13
8/11/2020;Temperature;CTCA;0;0;0;0;98.11;80;10:12:33
8/11/2020;Temperature;CTCA;0;0;0;0;98.11;80;10:15:29
8/11/2020;Temperature;CTCA;0;0;0;0;98.11;80;10:19:39
8/11/2020;Temperature;CTCA;0;0;0;0;96.53;151;11:04:39
8/11/2020;Temperature;CTCA;0;0;0;0;96.03;174;11:14:42
8/11/2020;Temperature;CTCA;0;0;0;0;95.65;192;11:29:42
8/11/2020;Temperature;CTCA;0;0;0;0;94.96;225;11:44:43
8/11/2020;Temperature;CTCA;0;0;0;0;94.96;225;11:45:21
8/11/2020;Temperature;CTCA;0;0;0;0;94.96;225;11:46:16
8/11/2020;Temperature;CTCA;0;0;0;0;94.6;243;12:01:16
8/11/2020;Temperature;CTCA;0;0;0;0;93.94;276;12:16:17
8/11/2020;Temperature;CTCA;0;0;0;0;93.55;296;12:31:17
8/11/2020;Temperature;CTCA;0;0;0;0;93.23;312;12:46:17
8/11/2020;Temperature;CTCA;0;0;0;0;93.23;312;12:59:53
8/11/2020;Temperature;CTCA;0;0;0;0;93.23;312;13:00:42
8/11/2020;Temperature;CTCA;0;0;0;0;93.23;312;13:06:20
8/11/2020;Temperature;CTCA;0;0;0;0;93.23;312;13:09:47
8/11/2020;Temperature;CTCA;0;0;0;0;93.23;312;13:15:55
8/11/2020;Temperature;CTCA;0;0;0;0;93.23;312;13:16:34
8/11/2020;Temperature;CTCA;0;0;0;0;93.23;312;13:17:23
8/11/2020;Temperature;CTCA;0;0;0;0;93.23;312;13:19:40
8/11/2020;Temperature;CTCA;0;0;0;0;93.23;312;13:29:54
8/11/2020;Temperature;CTCA;0;0;0;0;93.23;312;13:31:30
8/11/2020;Temperature;CTCA;0;0;0;0;93.23;312;13:36:23
8/11/2020;Temperature;CTCA;0;0;0;0;93.23;312;13:36:46
8/11/2020;Temperature;CTCA;0;0;0;0;93.23;312;13:39:10
8/11/2020;Temperature;CTCA;0;0;0;0;93.23;312;13:39:29
8/11/2020;Temperature;CTCA;0;0;0;0;93.23;312;13:44:45
8/11/2020;Temperature;CTCA;0;0;0;0;93.23;312;13:51:35
8/11/2020;Temperature;CTCA;0;0;0;0;93.23;312;13:57:01
8/11/2020;Temperature;CTCA;0;0;0;0;93.23;312;13:57:27
8/11/2020;Temperature;CTCA;0;0;0;0;93.23;312;14:00:29
8/11/2020;Temperature;CTCA;0;0;0;0;93.23;312;14:01:01
8/11/2020;Temperature;CTCA;0;0;0;0;93.23;312;14:02:37
8/11/2020;Temperature;CTCA;0;0;0;0;93.23;312;14:03:19
8/11/2020;Temperature;CTCA;0;0;0;0;92.92;329;14:18:19
8/11/2020;Temperature;CTCA;0;0;0;0;92.73;340;14:33:20
8/11/2020;Temperature;CTCA;0;0;0;0;92.19;369;14:48:20
8/11/2020;Temperature;CTCA;0;0;0;0;91.85;387;14:59:43
8/12/2020;Temperature;CTCA;0;0;0;0;91.78;391;08:44:43
8/12/2020;Temperature;CTCA;0;0;0;0;91.78;391;08:44:44
8/12/2020;Temperature;CTCA;0;0;0;0;91.78;391;10:03:48
8/12/2020;Temperature;CTCA;0;0;0;0;91.78;391;11:03:48
8/12/2020;Temperature;CTCA;0;0;0;0;91.78;391;11:18:48
8/12/2020;Temperature;CTCA;0;0;0;0;91.78;391;11:33:49
8/12/2020;Temperature;CTCA;0;0;0;0;91.78;391;11:48:49
8/12/2020;Temperature;CTCA;0;0;0;0;91.78;391;12:03:49
8/12/2020;Temperature;CTCA;0;0;0;0;91.78;391;12:05:20
8/12/2020;Temperature;CTCA;0;0;0;0;91.78;391;12:05:54
8/12/2020;Temperature;CTCA;0;0;0;0;91.78;391;12:06:25
8/12/2020;Temperature;CTCA;0;0;0;0;91.78;391;12:07:00
8/12/2020;Temperature;CTCA;0;0;0;0;91.78;391;12:08:06
8/12/2020;Temperature;CTCA;0;0;0;0;91.78;391;12:09:25
8/12/2020;Temperature;CTCA;0;0;0;0;91.78;391;12:24:25
8/12/2020;Temperature;CTCA;0;0;0;0;91.78;391;12:29:24
8/12/2020;Temperature;CTCA;0;0;0;0;91.78;391;12:33:26
8/12/2020;Temperature;CTCA;0;0;0;0;91.78;391;12:33:44
8/12/2020;Temperature;CTCA;0;0;0;0;91.78;391;12:47:31
8/12/2020;Temperature;CTCA;0;0;0;0;91.78;391;13:02:31
8/12/2020;Temperature;CTCA;0;0;0;0;91.78;391;13:03:19
8/12/2020;Temperature;CTCA;0;0;0;0;91.78;391;13:18:20
8/12/2020;Temperature;CTCA;0;0;0;0;91.78;391;13:33:20
8/12/2020;Temperature;CTCA;0;0;0;0;91.78;391;13:36:10
8/12/2020;Temperature;CTCA;0;0;0;0;91.78;391;13:51:10
8/12/2020;Temperature;CTCA;0;0;0;0;91.78;391;14:06:10
8/12/2020;Temperature;CTCA;0;0;0;0;0;0;14:55:18
8/12/2020;Temperature;CTCA;0;0;0;0;0;0;15:03:47
8/13/2020;Temperature;CTCA;0;0;0;0;0;0;09:27:25
8/13/2020;Temperature;CTCA;0;0;0;0;0;0;09:30:56
8/13/2020;Temperature;CTCA;0;0;0;0;0;0;09:31:51
8/13/2020;Temperature;CTCA;0;0;0;0;0;0;09:35:49
8/13/2020;Temperature;CTCA;0;0;0;0;0;0;09:37:25
8/13/2020;Temperature;CTCA;0;0;0;0;0;0;09:38:56
8/13/2020;Temperature;CTCA;0;0;0;0;100;0;09:41:31
8/13/2020;Temperature;CTCA;0;0;0;0;100;0;10:07:12
8/13/2020;Temperature;CTCA;0;0;0;0;100;0;10:29:48
8/13/2020;Temperature;CTCA;0;0;0;0;100;0;10:31:07
8/13/2020;Temperature;CTCA;0;0;0;0;100;0;10:34:09
8/13/2020;Temperature;CTCA;0;0;0;0;100;0;10:37:17
8/13/2020;Temperature;CTCA;0;0;0;0;100;0;10:52:46
8/13/2020;Temperature;CTCA;0;0;0;0;100;0;11:00:09
8/13/2020;Temperature;CTCA;0;0;0;0;100;0;11:05:51
8/13/2020;Temperature;CTCA;0;0;0;0;100;0;11:34:25
8/13/2020;Temperature;CTCA;0;0;0;0;100;0;11:47:22
8/13/2020;Temperature;CTCA;0;0;0;0;100;0;12:03:41
8/13/2020;Temperature;CTCA;0;0;0;0;67.39;15;12:21:18
8/13/2020;Temperature;CTCA;0;0;0;0;67.39;15;12:22:39
8/13/2020;Temperature;CTCA;0;0;0;0;48.28;45;12:32:25
8/13/2020;Temperature;CTCA;0;0;0;0;64.84;45;12:47:25
8/13/2020;Temperature;CTCA;0;0;0;0;55.24;94;13:02:26
8/13/2020;Temperature;CTCA;0;0;0;0;55.56;148;13:31:36
8/13/2020;Temperature;CTCA;0;0;0;0;52.41;178;13:46:36
8/13/2020;Temperature;CTCA;0;0;0;0;49.88;208;13:50:32
8/13/2020;Temperature;CTCA;0;0;0;0;49.88;208;13:57:50
8/13/2020;Temperature;CTCA;0;0;0;0;58.15;208;14:12:51
8/13/2020;Temperature;CTCA;0;0;0;0;61.34;208;14:27:51
8/13/2020;Temperature;CTCA;0;0;0;0;66.45;208;14:42:51
8/13/2020;Temperature;CTCA;0;0;0;0;66.45;208;14:45:13
8/13/2020;Temperature;CTCA;0;0;0;0;68.53;208;14:50:28
8/13/2020;Temperature;CTCA;0;0;0;0;68.53;208;14:51:15
8/13/2020;Temperature;CTCA;0;0;0;0;68.53;208;14:54:01
8/13/2020;Temperature;CTCA;0;0;0;0;63.93;268;15:09:01
8/13/2020;Temperature;CTCA;0;0;0;0;62.76;292;15:24:01
8/13/2020;Temperature;CTCA;0;0;0;0;61.55;331;15:39:00
8/13/2020;Temperature;CTCA;0;0;0;0;59.54;367;15:54:01
8/13/2020;Temperature;CTCA;0;0;0;0;58.98;405;16:09:01
8/13/2020;Temperature;CTCA;0;0;0;0;57.57;437;16:24:02
8/13/2020;Temperature;CTCA;0;0;0;0;57;484;16:39:02
8/13/2020;Temperature;CTCA;0;0;0;0;56.46;502;16:54:02
8/13/2020;Temperature;CTCA;0;0;0;0;54.98;556;17:09:02
8/13/2020;Temperature;CTCA;0;0;0;0;54.62;579;17:24:03
8/13/2020;Temperature;CTCA;0;0;0;0;53.69;631;17:39:03
8/13/2020;Temperature;CTCA;0;0;0;0;53.04;657;17:54:03
8/13/2020;Temperature;CTCA;0;0;0;0;52.47;704;18:09:04
8/13/2020;Temperature;CTCA;0;0;0;0;52.17;728;18:24:04
8/13/2020;Temperature;CTCA;0;0;0;0;51.99;770;18:39:04
8/13/2020;Temperature;CTCA;0;0;0;0;51.25;802;18:54:04
8/13/2020;Temperature;CTCA;0;0;0;0;50.82;851;19:09:05
8/13/2020;Temperature;CTCA;0;0;0;0;50.34;878;19:24:05
8/13/2020;Temperature;CTCA;0;0;0;0;49.73;930;19:39:05
8/13/2020;Temperature;CTCA;0;0;0;0;49.66;952;19:54:05
8/13/2020;Temperature;CTCA;0;0;0;0;49.06;1005;20:09:06
8/13/2020;Temperature;CTCA;0;0;0;0;48.56;1036;20:24:06
8/13/2020;Temperature;CTCA;0;0;0;0;48.38;1082;20:39:06
8/13/2020;Temperature;CTCA;0;0;0;0;48.1;1109;20:54:07
8/13/2020;Temperature;CTCA;0;0;0;0;47.59;1167;21:09:07
8/13/2020;Temperature;CTCA;0;0;0;0;47.12;1195;21:24:07
8/13/2020;Temperature;CTCA;0;0;0;0;46.63;1250;21:39:07
8/13/2020;Temperature;CTCA;0;0;0;0;46.58;1273;21:54:08
8/13/2020;Temperature;CTCA;0;0;0;0;46.49;1319;22:09:08
8/13/2020;Temperature;CTCA;0;0;0;0;46.41;1343;22:24:08
8/13/2020;Temperature;CTCA;0;0;0;0;46.02;1397;22:39:08
8/13/2020;Temperature;CTCA;0;0;0;0;45.8;1425;22:54:09
8/13/2020;Temperature;CTCA;0;0;0;0;45.85;1468;23:09:09
8/13/2020;Temperature;CTCA;0;0;0;0;45.78;1492;23:24:09
8/13/2020;Temperature;CTCA;0;0;0;0;45.38;1548;23:39:09
8/13/2020;Temperature;CTCA;0;0;0;0;45.25;1574;23:54:10
8/14/2020;Temperature;CTCA;0;0;0;0;45.08;1624;00:09:10
8/14/2020;Temperature;CTCA;0;0;0;0;44.86;1653;00:24:10
8/14/2020;Temperature;CTCA;0;0;0;0;44.8;1700;00:39:10
8/14/2020;Temperature;CTCA;0;0;0;0;44.76;1724;00:54:11
8/14/2020;Temperature;CTCA;0;0;0;0;44.55;1776;01:09:11
8/14/2020;Temperature;CTCA;0;0;0;0;44.42;1803;01:24:11
8/14/2020;Temperature;CTCA;0;0;0;0;44.6;1845;01:39:12
8/14/2020;Temperature;CTCA;0;0;0;0;44.37;1873;01:54:12
8/14/2020;Temperature;CTCA;0;0;0;0;44.27;1922;02:09:12
8/14/2020;Temperature;CTCA;0;0;0;0;44.07;1952;02:24:12
8/14/2020;Temperature;CTCA;0;0;0;0;43.81;2007;02:39:13
8/14/2020;Temperature;CTCA;0;0;0;0;43.9;2027;02:54:13
8/14/2020;Temperature;CTCA;0;0;0;0;43.6;2084;03:09:13
8/14/2020;Temperature;CTCA;0;0;0;0;43.55;2109;03:24:13
8/14/2020;Temperature;CTCA;0;0;0;0;43.48;2158;03:39:14
8/14/2020;Temperature;CTCA;0;0;0;0;43.33;2187;03:54:14
8/14/2020;Temperature;CTCA;0;0;0;0;43.16;2240;04:09:14
8/14/2020;Temperature;CTCA;0;0;0;0;43.22;2261;04:24:15
8/14/2020;Temperature;CTCA;0;0;0;0;43.13;2311;04:39:15
8/14/2020;Temperature;CTCA;0;0;0;0;43.17;2333;04:54:15
8/14/2020;Temperature;CTCA;0;0;0;0;43.11;2382;05:09:15
8/14/2020;Temperature;CTCA;0;0;0;0;43.09;2406;05:24:16
8/14/2020;Temperature;CTCA;0;0;0;0;43.16;2450;05:39:16
8/14/2020;Temperature;CTCA;0;0;0;0;43.09;2476;05:54:16
8/14/2020;Temperature;CTCA;0;0;0;0;42.88;2532;06:09:17
8/14/2020;Temperature;CTCA;0;0;0;0;42.87;2556;06:24:17
8/14/2020;Temperature;CTCA;0;0;0;0;42.8;2606;06:39:17
8/14/2020;Temperature;CTCA;0;0;0;0;42.85;2627;06:54:17
8/14/2020;Temperature;CTCA;0;0;0;0;42.79;2677;07:09:18
8/14/2020;Temperature;CTCA;0;0;0;0;42.75;2702;07:24:18
8/14/2020;Temperature;CTCA;0;0;0;0;42.69;2752;07:39:18
8/14/2020;Temperature;CTCA;0;0;0;0;42.62;2779;07:54:18
8/14/2020;Temperature;CTCA;0;0;0;0;42.48;2833;08:09:19
8/14/2020;Temperature;CTCA;0;0;0;0;42.48;2833;08:15:08
8/14/2020;Temperature;CTCA;0;0;0;0;97.43;133;09:15:11
8/14/2020;Temperature;CTCA;0;0;0;0;97.49;133;09:46:10
8/14/2020;Temperature;CTCA;0;0;0;0;97.63;133;11:01:10
8/14/2020;Temperature;CTCA;0;0;0;0;97.65;133;11:16:10
8/14/2020;Temperature;CTCA;0;0;0;0;97.69;133;11:31:11
8/14/2020;Temperature;CTCA;0;0;0;0;97.7;133;11:46:11
8/14/2020;Temperature;CTCA;0;0;0;0;97.73;133;12:01:11
8/14/2020;Temperature;CTCA;0;0;0;0;97.75;133;12:16:11
8/14/2020;Temperature;CTCA;0;0;0;0;97.78;133;12:31:12
8/14/2020;Temperature;CTCA;0;0;0;0;97.8;133;12:46:12
8/14/2020;Temperature;CTCA;0;0;0;0;97.83;133;13:01:12
8/14/2020;Temperature;CTCA;0;0;0;0;97.84;133;13:16:12
8/14/2020;Temperature;CTCA;0;0;0;0;97.87;133;13:31:13
8/14/2020;Temperature;CTCA;0;0;0;0;97.88;133;13:46:13
8/14/2020;Temperature;CTCA;0;0;0;0;97.88;133;13:47:08
8/14/2020;Temperature;CTCA;0;0;0;0;97.91;133;14:02:08
8/14/2020;Temperature;CTCA;0;0;0;0;97.92;133;14:10:35
8/14/2020;Temperature;CTCA;0;0;0;0;97.94;133;14:25:35
8/14/2020;Temperature;CTCA;0;0;0;0;97.96;133;14:40:36
8/14/2020;Temperature;CTCA;0;0;0;0;97.97;133;14:55:36
8/14/2020;Temperature;CTCA;0;0;0;0;97.97;133;15:10:39
8/14/2020;Temperature;CTCA;0;0;0;0;97.97;133;15:25:40
8/14/2020;Temperature;CTCA;0;0;0;0;97.97;133;15:40:40
8/14/2020;Temperature;CTCA;0;0;0;0;97.97;133;15:55:40
8/14/2020;Temperature;CTCA;0;0;0;0;97.97;133;16:10:40
8/14/2020;Temperature;CTCA;0;0;0;0;97.97;133;16:25:41
8/14/2020;Temperature;CTCA;0;0;0;0;97.97;133;16:40:41
8/14/2020;Temperature;CTCA;0;0;0;0;97.97;133;16:55:41
8/14/2020;Temperature;CTCA;0;0;0;0;97.97;133;17:10:41
8/14/2020;Temperature;CTCA;0;0;0;0;97.97;133;17:25:42
8/14/2020;Temperature;CTCA;0;0;0;0;97.97;133;17:40:42
8/14/2020;Temperature;CTCA;0;0;0;0;97.97;133;17:55:42
8/14/2020;Temperature;CTCA;0;0;0;0;97.97;133;18:10:42
8/14/2020;Temperature;CTCA;0;0;0;0;97.97;133;18:25:43
8/14/2020;Temperature;CTCA;0;0;0;0;97.97;133;18:40:43
8/14/2020;Temperature;CTCA;0;0;0;0;97.97;133;18:55:43
8/14/2020;Temperature;CTCA;0;0;0;0;97.97;133;19:10:43
8/14/2020;Temperature;CTCA;0;0;0;0;97.97;133;19:25:44
8/14/2020;Temperature;CTCA;0;0;0;0;97.97;133;19:40:44
8/14/2020;Temperature;CTCA;0;0;0;0;97.97;133;19:55:44
8/14/2020;Temperature;CTCA;0;0;0;0;97.97;133;20:10:44
8/14/2020;Temperature;CTCA;0;0;0;0;97.97;133;20:25:45
8/14/2020;Temperature;CTCA;0;0;0;0;97.97;133;20:40:45
8/14/2020;Temperature;CTCA;0;0;0;0;97.97;133;20:55:45
8/14/2020;Temperature;CTCA;0;0;0;0;97.97;133;21:10:45
8/14/2020;Temperature;CTCA;0;0;0;0;97.97;133;21:25:46
8/14/2020;Temperature;CTCA;0;0;0;0;97.97;133;21:40:46
8/14/2020;Temperature;CTCA;0;0;0;0;97.97;133;21:55:46
8/14/2020;Temperature;CTCA;0;0;0;0;97.97;133;22:10:46
8/14/2020;Temperature;CTCA;0;0;0;0;97.97;133;22:25:46
8/14/2020;Temperature;CTCA;0;0;0;0;97.97;133;22:40:47
8/14/2020;Temperature;CTCA;0;0;0;0;97.97;133;22:55:47
8/14/2020;Temperature;CTCA;0;0;0;0;97.97;133;23:10:47
8/14/2020;Temperature;CTCA;0;0;0;0;97.97;133;23:25:47
8/14/2020;Temperature;CTCA;0;0;0;0;97.97;133;23:40:48
8/14/2020;Temperature;CTCA;0;0;0;0;97.97;133;23:55:48
8/15/2020;Temperature;CTCA;0;0;0;0;97.97;133;00:10:48
8/15/2020;Temperature;CTCA;0;0;0;0;97.97;133;00:25:48
8/15/2020;Temperature;CTCA;0;0;0;0;97.97;133;00:40:49
8/15/2020;Temperature;CTCA;0;0;0;0;97.97;133;00:55:49
8/15/2020;Temperature;CTCA;0;0;0;0;97.97;133;01:10:49
8/15/2020;Temperature;CTCA;0;0;0;0;97.97;133;01:25:49
8/15/2020;Temperature;CTCA;0;0;0;0;97.97;133;01:40:50
8/15/2020;Temperature;CTCA;0;0;0;0;97.97;133;01:55:50
8/15/2020;Temperature;CTCA;0;0;0;0;97.97;133;02:10:50
8/15/2020;Temperature;CTCA;0;0;0;0;97.97;133;02:25:50
8/15/2020;Temperature;CTCA;0;0;0;0;97.97;133;02:40:51
8/15/2020;Temperature;CTCA;0;0;0;0;97.97;133;02:55:51
8/15/2020;Temperature;CTCA;0;0;0;0;97.97;133;03:10:51
8/15/2020;Temperature;CTCA;0;0;0;0;97.97;133;03:25:51
8/15/2020;Temperature;CTCA;0;0;0;0;97.97;133;03:40:52
8/15/2020;Temperature;CTCA;0;0;0;0;97.97;133;03:55:52
8/15/2020;Temperature;CTCA;0;0;0;0;97.97;133;04:10:52
8/15/2020;Temperature;CTCA;0;0;0;0;97.97;133;04:25:52
8/15/2020;Temperature;CTCA;0;0;0;0;97.97;133;04:40:53
8/15/2020;Temperature;CTCA;0;0;0;0;97.97;133;04:55:53
8/15/2020;Temperature;CTCA;0;0;0;0;97.97;133;05:10:53
8/15/2020;Temperature;CTCA;0;0;0;0;97.97;133;05:25:53
8/15/2020;Temperature;CTCA;0;0;0;0;97.97;133;05:40:54
8/15/2020;Temperature;CTCA;0;0;0;0;97.97;133;05:55:54
8/15/2020;Temperature;CTCA;0;0;0;0;97.97;133;06:10:54
8/15/2020;Temperature;CTCA;0;0;0;0;97.97;133;06:25:54
8/15/2020;Temperature;CTCA;0;0;0;0;97.97;133;06:40:55
8/15/2020;Temperature;CTCA;0;0;0;0;97.97;133;06:55:55
8/15/2020;Temperature;CTCA;0;0;0;0;97.97;133;07:10:55
8/15/2020;Temperature;CTCA;0;0;0;0;97.97;133;07:25:55
8/15/2020;Temperature;CTCA;0;0;0;0;97.97;133;07:40:56
8/15/2020;Temperature;CTCA;0;0;0;0;97.97;133;07:55:56
8/15/2020;Temperature;CTCA;0;0;0;0;97.97;133;08:10:56
8/15/2020;Temperature;CTCA;0;0;0;0;97.97;133;08:15:06
8/17/2020;Temperature;CTCA;0;0;0;0;100;0;08:18:05
8/17/2020;Temperature;CTCA;0;0;0;0;100;0;08:58:54
8/17/2020;Temperature;CTCA;0;0;0;0;100;0;09:02:09
8/17/2020;Temperature;CTCA;0;0;0;0;100;0;09:05:52
8/17/2020;Temperature;CTCA;0;0;0;0;100;0;09:11:29
8/17/2020;Temperature;CTCA;0;0;0;0;100;0;09:35:31
8/17/2020;Temperature;CTCA;0;0;0;0;100;0;09:38:06
8/17/2020;Temperature;CTCA;0;0;0;0;100;0;09:42:23
8/17/2020;Temperature;CTCA;0;0;0;0;100;0;09:46:33
8/17/2020;Temperature;CTCA;0;0;0;0;100;0;09:49:45
8/17/2020;Temperature;CTCA;0;0;0;0;99.52;32;10:39:38
8/17/2020;Temperature;CTCA;0;0;0;0;99.38;42;10:58:44
8/17/2020;Temperature;CTCA;0;0;0;0;99.08;63;11:10:38
8/17/2020;Temperature;CTCA;0;0;0;0;99.06;64;11:16:15
8/17/2020;Temperature;CTCA;0;0;0;0;98.48;104;11:20:16
8/17/2020;Temperature;CTCA;0;0;0;0;98.47;105;11:24:42
8/17/2020;Temperature;CTCA;0;0;0;0;98.27;120;11:39:42
8/17/2020;Temperature;CTCA;0;0;0;0;98.11;132;11:54:42
8/17/2020;Temperature;CTCA;0;0;0;0;97.85;152;12:09:42
8/17/2020;Temperature;CTCA;0;0;0;0;97.62;169;12:24:43
8/17/2020;Temperature;CTCA;0;0;0;0;97.4;187;12:39:43
8/17/2020;Temperature;CTCA;0;0;0;0;97.4;187;12:42:15
8/17/2020;Temperature;CTCA;0;0;0;0;97.22;201;12:57:16
8/17/2020;Temperature;CTCA;0;0;0;0;97.07;213;13:01:27
8/17/2020;Temperature;CTCA;0;0;0;0;97.07;213;13:08:12
8/17/2020;Temperature;CTCA;0;0;0;0;96.52;254;13:13:14
8/17/2020;Temperature;CTCA;0;0;0;0;96;294;13:24:36
8/17/2020;Temperature;CTCA;0;0;0;0;94.96;374;13:39:37
8/17/2020;Temperature;CTCA;0;0;0;0;94.87;383;13:54:37
8/17/2020;Temperature;CTCA;0;0;0;0;94.53;413;14:09:37
8/17/2020;Temperature;CTCA;0;0;0;0;94.4;425;14:24:37
8/17/2020;Temperature;CTCA;0;0;0;0;94.05;456;14:39:38
8/17/2020;Temperature;CTCA;0;0;0;0;93.88;472;14:54:38
8/17/2020;Temperature;CTCA;0;0;0;0;93.53;504;15:09:38
8/18/2020;Temperature;CTCA;0;0;0;0;93.53;504;08:32:16
